birthdate	sex	registration	user_id	race	old_user_id
1965-08-08	F	2020-09-18	782		782
		2021-05-14	2158		2158
		2017-06-23	747		747
2003-02-24	F	2019-05-16	2204		2204
		2019-10-28	720		720
		2018-05-21	2421	unspecified	2421
	M	2019-06-06	1454		1454
	F	2021-02-01	1642		1642
	F	2014-02-05	2161		2161
		2014-07-08	356	black	356
1913-02-23	F	2023-04-27	215		215
1933-05-14		2019-04-05	366		366
2012-08-07		2022-06-11	2166	asian	2166
	F	2016-03-16	1914	unspecified	1914
1955-10-22		2021-01-28	133	white	133
	M	2015-07-14	926		926
1959-12-31		2014-05-18	2536		2536
		2017-07-22	589		589
	F	2014-08-11	1996		1996
1934-04-06	M	2015-04-16	1365		1365
		2018-10-20	1326	unspecified	1326
1936-10-25		2014-03-26	1351		1351
1968-04-22		2016-09-30	362		362
1924-02-14		2021-01-17	1229		1229
	M	2020-11-20	2082		2082
1944-04-16	M	2018-11-08	2383		2383
1978-04-04	F	2017-06-25	1279		1279
2005-04-21	F	2020-08-29	2266	white	2266
		2013-11-15	567	asian	567
1972-04-26	M	2022-07-03	1941		1941
2013-12-16		2020-12-19	282		282
1931-01-13		2015-07-31	1238		1238
1958-05-25		2018-02-25	2026		2026
	M	2019-09-12	804		804
1971-01-06	M	2019-07-11	1075		1075
1943-10-03		2019-08-30	2184	asian	2184
1929-01-29	F	2022-12-19	2379	indian	2379
	M	2022-03-24	2251		2251
1971-06-02		2016-12-04	999		999
1910-12-01		2013-10-16	1394	white	1394
	F	2017-01-13	594		594
1975-01-11	F	2015-02-06	391		391
		2020-12-25	1375		1375
1918-12-15	F	2022-12-18	2457		2457
		2019-03-18	829	white	829
1988-04-08		2014-12-28	58	asian	58
	F	2018-09-07	1332		1332
1920-08-17	M	2020-07-20	1648		1648
1993-08-12	F	2023-06-03	809		809
		2016-12-22	708		708
	M	2015-10-31	2096		2096
	M	2019-01-19	482		482
		2017-12-18	1118	black	1118
		2018-11-13	1819		1819
1942-08-19		2016-09-29	577		577
1985-12-29		2022-08-06	1695		1695
1914-04-22	M	2022-09-16	2050	asian	2050
1920-11-15		2019-09-28	1403	black	1403
1936-02-15	M	2019-03-21	2570	asian	2570
2009-05-28	M	2017-05-21	2246		2246
	M	2015-09-26	1717		1717
1938-01-10	F	2015-02-24	1556		1556
	F	2017-04-17	429		429
	F	2019-11-03	2195	white	2195
1911-07-08		2017-02-09	793		793
1923-08-21	M	2021-05-20	2065		2065
	F	2020-09-05	541		541
2000-04-10		2015-03-03	188	asian	188
1968-12-21		2019-05-20	735		735
1954-04-05	F	2022-11-28	1982	unspecified	1982
		2020-08-24	432		432
1958-08-25		2014-04-21	2232		2232
	M	2022-05-26	265	asian	265
	M	2015-04-02	1367		1367
1921-07-30	M	2017-01-28	140		140
	F	2015-03-26	1779	black	1779
2010-02-02	M	2020-10-09	2306	black	2306
1979-01-28		2016-04-29	2571	unspecified	2050
		2022-06-19	2216	indian	2216
1932-06-15		2020-01-19	417		417
1981-08-06	F	2018-10-06	707		707
1999-08-26		2019-03-14	1185		1185
2019-08-17		2016-08-22	339	white	339
1952-06-26		2014-12-28	2572		1351
1919-07-28		2016-08-08	2023		2023
2014-11-16		2022-06-11	2522		2522
1964-06-30		2022-12-02	1577	asian	1577
	F	2016-02-23	369		369
		2018-08-19	1223		1223
1947-01-10		2015-02-07	873		873
		2017-02-14	2548		2548
1968-10-26		2022-06-04	1877		1877
1972-11-13		2018-12-11	290		290
1920-08-17	F	2017-11-15	1210	asian	1210
		2020-02-02	990		990
		2021-12-11	538		538
1999-02-21		2016-01-22	760		760
2000-06-28		2021-04-26	1863		1863
2004-08-27		2020-04-19	1038		1038
1945-10-31		2015-12-15	2263	white	2263
1944-03-18	F	2022-12-15	1146		1146
2001-08-13		2018-11-23	561		561
		2014-12-20	379		379
		2021-01-24	2005		2005
1952-06-27		2016-07-05	154		154
1914-11-16	M	2016-07-12	1349	asian	1349
1915-10-12	M	2014-05-08	367		367
	M	2020-12-27	2573		1982
1968-02-12	M	2021-11-13	399		399
	M	2015-06-13	1040		1040
	F	2022-05-26	1989		1989
2005-03-16	M	2017-05-24	214		214
1936-02-25	F	2018-04-07	2494		2494
1924-08-11		2018-08-23	1209	white	1209
	F	2015-01-22	1251	white	1251
1920-11-30		2023-09-04	2269		2269
1929-05-18	F	2019-12-11	153	black	153
		2015-08-25	1012	black	1012
1935-03-08		2015-02-13	1061		1061
1914-12-30		2022-08-11	3		3
	F	2017-05-09	489		489
		2018-03-03	2233		2233
2009-09-06	F	2015-02-15	1240		1240
		2015-02-26	526		526
1963-10-23	F	2017-04-07	2568		2568
	F	2023-06-29	915	white	915
1921-06-01	F	2020-10-27	1563		1563
1972-02-08		2016-05-04	845	white	845
		2015-11-17	1679		1679
2005-07-29		2021-04-19	2054		2054
2019-04-23		2021-04-08	1110	black	1110
2012-02-04	M	2017-04-11	1162		1162
		2015-11-09	2427	asian	2427
1925-07-15		2014-12-17	2532		2532
	F	2021-04-11	406		406
1917-02-23		2021-06-24	1434		1434
		2015-08-07	42		42
1916-12-16	M	2017-05-30	1295		1295
		2023-01-24	685		685
1956-10-16		2019-04-12	494		494
	F	2016-08-06	870	unspecified	870
		2018-09-22	1046		1046
		2017-06-17	2390		2390
2009-05-30	F	2021-12-21	1334		1334
	F	2014-05-25	1573		1573
		2022-07-16	1269	black	1269
		2023-05-30	1249		1249
1953-08-07		2013-11-19	2381		2381
1975-09-30		2018-12-05	1817		1817
1934-09-04	F	2015-03-16	2524		2524
1946-06-26	F	2020-02-11	898		898
1935-10-14	M	2016-03-06	1575		1575
	M	2020-02-09	587		587
1913-01-16	F	2023-01-13	1021	asian	1021
1909-07-07	F	2020-08-17	757		757
1909-08-06	F	2020-01-22	2220		2220
1996-10-08	F	2020-11-01	2031		2031
1995-07-09	F	2021-04-14	2102	black	2102
1920-06-12	F	2017-07-23	1502		1502
1993-10-16	M	2017-11-10	1701	indian	1701
2014-12-12	F	2019-03-31	1261		1261
1925-10-13		2016-10-20	1109	asian	1109
1929-08-23	F	2017-10-06	1144		1144
	M	2014-07-25	1963	white	1963
		2014-02-11	2318		2318
1966-01-22	F	2015-06-28	1625		1625
1920-12-05	F	2023-01-10	1632		1632
		2021-10-21	207	unspecified	207
1978-02-13		2021-06-29	2528		2528
1935-07-19		2018-10-01	1418		1418
	F	2016-05-09	974		974
1924-09-19	F	2022-08-19	1867	white	1867
	F	2022-12-26	1593	unspecified	1593
		2018-05-04	1801	black	1801
	M	2019-07-29	1886		1886
		2015-09-07	1189		1189
1975-12-29	M	2017-01-22	1356		1356
1930-07-01		2017-09-22	2478		2478
1993-12-27		2018-06-25	1521	white	1521
	F	2020-08-30	521		521
	M	2013-10-21	112	unspecified	112
		2023-04-24	810		810
1956-04-23	M	2017-12-14	1826	black	1826
1942-07-27		2017-10-09	599		599
		2022-01-15	1461		1461
1932-07-19		2021-09-03	2384		2384
		2022-11-06	1468		1468
2007-10-23	M	2022-01-28	1412		1412
	F	2021-10-09	677		677
	M	2017-11-22	1471		1471
	F	2016-11-13	1337	unspecified	1337
1963-02-28		2016-08-28	1161		1161
		2013-10-10	73		73
		2014-10-07	119		119
		2014-07-24	888	black	888
1948-10-05		2018-03-09	2517		2517
		2021-09-05	1987		1987
1947-09-02		2022-05-13	71	black	71
2012-01-22	M	2021-02-18	2207		2207
1954-01-28		2016-04-22	1019		1019
1910-09-10		2016-12-12	1431		1431
	M	2013-11-06	824		824
	M	2017-04-28	2574		1075
	M	2023-05-29	2324		2324
	F	2015-05-24	1945		1945
2017-06-29	F	2015-01-28	863	indian	863
	F	2020-05-23	1622		1622
	F	2019-05-31	2575		1471
		2022-08-16	179	white	179
1930-06-05		2018-09-15	377		377
	F	2022-06-06	1423	white	1423
1939-10-12	M	2015-06-23	711		711
1974-12-08	F	2016-05-21	1678		1678
1962-11-12	M	2017-10-10	1922		1922
1945-11-24		2017-12-02	370	white	370
	M	2016-08-15	1380	black	1380
	M	2015-08-12	1199	unspecified	1199
	M	2016-10-23	1062		1062
1999-03-13	F	2014-03-24	1		1
		2020-10-02	1371		1371
		2023-01-20	1723	black	1723
1908-10-05		2023-01-09	1233		1233
2011-12-05	F	2016-09-15	2395		2395
1996-05-31		2020-05-31	2272		2272
1974-05-30		2016-10-23	1084		1084
	M	2018-09-14	1296		1296
1947-12-21		2022-05-12	2237		2237
		2014-04-10	1613		1613
1938-01-19	M	2014-08-02	1190		1190
1957-09-10	F	2016-03-27	2258		2258
	F	2018-01-17	436		436
	M	2021-08-17	1854		1854
	F	2023-04-02	2477		2477
	F	2017-01-23	2576	unspecified	2517
	M	2016-05-11	2016		2016
1986-09-26	F	2018-02-14	2577		1240
1963-12-21		2020-06-22	2378		2378
	M	2023-09-13	1890		1890
1948-04-24		2023-02-15	2274		2274
1974-02-12	M	2017-06-18	900		900
1935-12-20		2020-11-11	890		890
		2021-01-13	1206		1206
		2022-07-15	1637		1637
2015-12-03	F	2019-01-25	275	unspecified	275
		2016-02-05	528		528
	F	2014-02-19	1705		1705
		2017-03-02	2213		2213
		2013-10-31	795	white	795
2015-07-04		2017-07-22	2578		1334
		2017-10-08	1558		1558
1957-09-02	M	2021-05-01	434		434
1937-06-15	F	2014-06-04	296	asian	296
		2015-12-03	1968		1968
	M	2016-08-19	1465	unspecified	1465
	F	2020-10-28	1735		1735
1948-10-28		2018-10-30	2302		2302
2019-07-12		2022-06-28	579	black	579
2016-10-20		2017-07-15	2243		2243
	M	2016-11-08	2055		2055
	F	2017-05-10	1480		1480
	M	2023-02-01	981	asian	981
1996-10-14	M	2013-10-03	1006	asian	1006
1989-12-05		2019-07-21	2410	asian	2410
1990-03-11	M	2020-07-02	61	white	61
		2016-08-09	1127		1127
1937-12-06		2022-01-02	354		354
		2023-09-07	2297	white	2297
2017-03-15		2019-12-24	1101		1101
		2018-04-17	1116		1116
		2023-04-13	122		122
		2023-07-21	1874		1874
		2017-02-14	1361	white	1361
2010-07-13	M	2015-03-31	1659	white	1659
		2014-02-25	963	unspecified	963
	M	2019-06-24	1997		1997
	F	2017-07-09	2249		2249
	F	2020-06-20	762	asian	762
1926-10-01	M	2014-08-27	2198		2198
1908-08-19	M	2018-08-26	1264		1264
	M	2014-05-10	397	unspecified	397
	M	2022-02-13	1913	black	1913
1918-10-26	M	2020-04-20	1192		1192
		2022-05-25	894		894
	F	2017-04-19	1523		1523
	F	2015-06-25	1439		1439
2003-11-11		2019-06-10	1142		1142
	F	2016-01-29	910		910
	F	2020-08-10	2025		2025
2015-01-29	M	2016-06-14	1399	white	1399
1945-03-03	M	2015-07-21	2561		2561
1963-11-18		2016-07-24	2299		2299
1970-06-11		2019-05-09	817		817
		2020-05-29	1828		1828
1977-02-22		2023-01-23	1164	unspecified	1164
2015-08-06	F	2022-03-12	1406		1406
	M	2020-01-21	2579		981
1980-10-01		2022-11-05	1076		1076
1962-04-11		2021-02-01	2271		2271
		2018-08-20	415		415
1997-06-14	F	2016-06-30	1780		1780
		2020-03-23	1289	asian	1289
1984-02-09		2022-06-10	1543		1543
1925-12-26	F	2023-02-18	162	asian	162
	M	2022-04-17	204	indian	204
2004-01-11		2014-07-29	2519		2519
	F	2014-05-21	2091		2091
1918-02-16	M	2018-04-22	246		246
1915-11-15	F	2023-03-17	108		108
2021-06-30		2020-09-19	1983		1983
2020-05-15		2018-12-23	2445	white	2445
	F	2019-05-06	389		389
1922-08-14	M	2013-12-05	80	black	80
	M	2014-10-22	2544		2544
	F	2014-09-07	41	indian	41
		2018-07-30	790	white	790
	F	2014-12-28	198	indian	198
2010-08-19		2016-03-11	411	white	411
1948-07-06		2019-12-01	2580	unspecified	2195
	F	2016-01-30	2165		2165
1985-09-13		2014-01-19	238		238
		2017-10-04	1878		1878
		2015-10-24	2581		2216
	M	2018-09-05	2440	asian	2440
	M	2014-09-29	2119	black	2119
	M	2015-04-23	2079		2079
1938-09-28	F	2022-11-12	2582		1987
		2022-10-05	1385		1385
1919-04-02	F	2019-03-23	457		457
		2016-09-17	260		260
2018-04-22		2019-04-21	2358		2358
1916-12-07	M	2020-05-16	1288		1288
1966-02-05	F	2023-01-15	2067		2067
1909-09-09		2016-10-21	816	white	816
1940-09-29		2017-01-11	2583		2266
	F	2018-09-13	2242		2242
		2020-10-01	713		713
	F	2018-09-15	2584		1326
1920-05-07	M	2019-02-12	515		515
	F	2016-09-13	76	white	76
	F	2021-11-30	1196		1196
1923-05-01	M	2018-01-04	1177		1177
1970-07-08		2013-11-27	2015		2015
	F	2013-12-22	1833		1833
1991-03-09	F	2021-12-22	2585	white	119
	M	2015-08-24	676	unspecified	676
1992-09-19		2017-02-03	944		944
		2020-05-23	2319		2319
2021-11-18		2017-10-11	1544		1544
		2021-07-03	48		48
1945-04-17		2019-08-18	416		416
1985-06-07		2015-09-21	139	white	139
1995-05-26		2022-08-23	2586		2358
2002-04-21	F	2020-07-26	2190		2190
		2018-12-10	1023		1023
2015-04-01	M	2020-11-30	2300		2300
1912-08-06	F	2018-11-19	2090		2090
1980-10-26	M	2017-09-08	1929	unspecified	1929
		2022-12-14	2485	unspecified	2485
2014-01-05	M	2022-05-20	2587		1996
1926-03-31	M	2021-04-24	1325		1325
1940-06-13	M	2016-01-17	266		266
1927-12-25		2023-08-24	1011		1011
1980-07-10	F	2019-10-04	1617		1617
1913-06-09		2020-06-12	109		109
1948-08-29		2017-06-20	2043		2043
2015-06-09	M	2014-12-26	2280		2280
2011-12-13	M	2018-03-07	1753		1753
1966-05-11	M	2014-12-03	408		408
		2014-08-14	1752		1752
		2015-04-24	2400		2400
1979-01-17		2020-09-03	940		940
1909-05-03	F	2020-06-11	2588		265
2010-03-27	M	2022-03-03	2453	unspecified	2453
		2017-04-22	2589		153
		2016-10-25	464		464
1978-02-25	M	2015-04-29	2590	black	366
	F	2020-11-19	686	unspecified	686
	F	2016-12-23	2128		2128
1997-05-28	F	2014-09-25	941	unspecified	941
1975-07-04		2019-01-13	2591	black	1735
1997-03-07	M	2023-03-10	1305		1305
2000-01-19	M	2014-07-20	1853		1853
1989-09-22		2016-11-28	1157	unspecified	1157
		2016-07-20	463	black	463
		2022-01-21	1804		1804
1975-09-05		2023-09-10	2187	asian	2187
	F	2022-10-14	2110	black	2110
2009-01-11		2014-12-20	420	unspecified	420
	F	2022-01-23	1058		1058
1983-07-08		2018-04-20	2569		2569
1985-07-11		2017-06-24	1633	unspecified	1633
		2015-10-14	1770		1770
1999-05-19	M	2016-07-23	998		998
		2020-07-01	2554	unspecified	2554
2004-05-09	M	2023-08-21	1419		1419
	M	2021-08-25	1704	white	1704
1913-10-24	F	2015-11-19	1656		1656
	M	2014-11-05	289	white	289
1975-07-12	F	2018-12-19	934	unspecified	934
1960-01-25		2017-05-03	2170		2170
2017-10-25		2015-04-17	469		469
1972-04-02	M	2017-12-15	1664	black	1664
1956-12-07	F	2015-08-07	629		629
2019-05-10		2020-12-25	208		208
1935-12-05	M	2013-10-13	1294		1294
2011-07-27	M	2022-02-28	1324		1324
2009-11-21		2022-11-14	2592	unspecified	515
	M	2018-12-29	2593	unspecified	1779
1938-04-28	F	2019-05-23	1193	asian	1193
1996-11-03	F	2020-12-15	754		754
		2020-03-18	2531	black	2531
2007-01-11		2017-05-22	2171		2171
	M	2015-10-10	985	unspecified	985
1940-08-01	M	2019-11-18	1790	white	1790
	F	2017-08-22	1055	white	1055
1928-06-04	F	2015-07-24	662	asian	662
2016-04-18		2013-12-09	742	black	742
2017-06-06	F	2015-02-27	977		977
2018-09-08	M	2016-12-28	2454	unspecified	2454
1914-01-23		2017-01-30	1912		1912
	F	2015-11-10	2305		2305
		2023-05-23	1263		1263
1955-08-06		2014-05-28	2448	black	2448
		2014-06-22	1308	white	1308
	F	2021-07-07	1298	black	1298
1980-04-23	F	2016-06-09	343		343
	F	2019-09-14	632	black	632
2006-04-14		2019-06-29	895		895
		2019-07-12	1225		1225
1912-01-07	M	2018-04-23	2033		2033
1973-06-27		2017-12-08	2594		1983
		2015-12-23	306		306
1959-08-06		2018-10-19	787		787
1953-08-27		2018-03-17	2414		2414
	F	2015-08-30	1571	unspecified	1571
1930-07-28	F	2020-04-13	2362		2362
1981-07-08		2015-04-10	748		748
	M	2017-07-13	710		710
1935-11-14		2020-01-20	2092		2092
		2022-02-03	2071		2071
		2022-05-27	1342		1342
	F	2014-04-27	2595	unspecified	2031
		2018-12-16	1738	white	1738
1917-07-28		2020-08-30	1113	indian	1113
		2018-05-05	657	asian	657
1967-11-20		2018-06-19	2596	black	2400
2011-12-19	M	2015-01-08	419		419
	M	2019-05-13	1975	unspecified	1975
		2014-04-10	1479		1479
		2016-01-28	1359		1359
1924-03-11		2019-12-21	2597		1738
1962-07-05		2023-02-20	775		775
1984-06-03		2015-02-28	1568		1568
2018-03-24	M	2021-09-05	2598		463
	F	2022-02-09	2467	black	2467
		2015-03-14	611	unspecified	611
	M	2014-08-19	1328		1328
	M	2018-12-11	1139		1139
		2021-10-01	1647		1647
1992-04-03		2016-03-18	1569	black	1569
2002-06-16		2020-09-27	1383	white	1383
2006-04-22		2022-12-15	2511	unspecified	2511
1947-03-31	F	2014-03-08	969		969
1950-10-30		2023-06-08	1114	white	1114
1966-04-27	F	2019-10-26	2178		2178
	F	2019-12-15	2599	unspecified	1279
1910-04-15	F	2013-11-15	1731		1731
		2020-03-11	2392	black	2392
	M	2021-09-25	758		758
1908-07-14	M	2016-09-20	1507		1507
1927-12-30	M	2016-07-07	2098		2098
	F	2023-03-03	2600		207
1969-09-17	M	2020-11-01	2601		981
	F	2015-08-26	1482		1482
1943-02-23		2018-04-01	781	white	781
1969-01-31	F	2019-12-16	1724		1724
1909-12-08	F	2016-03-23	43		43
	M	2014-12-12	1785	white	1785
2006-11-24		2015-04-05	1856		1856
1950-03-06		2018-06-22	2602		1269
1922-05-31	F	2017-07-14	174		174
		2014-05-10	1408	unspecified	1408
1980-07-19		2017-06-14	712		712
	M	2013-12-24	1915		1915
	F	2019-11-21	746		746
1971-12-13	F	2015-04-25	2321		2321
		2014-08-30	2603		469
1975-09-10		2014-05-13	1493		1493
1949-01-21	F	2022-05-29	1947	unspecified	1947
1925-07-29	M	2016-11-24	766	asian	766
1916-11-23		2020-04-16	2003		2003
	M	2018-12-21	2157	asian	2157
1918-03-07		2018-09-15	388		388
1995-09-17	M	2016-04-17	1321		1321
1987-01-18		2022-05-13	960	white	960
	F	2022-08-17	920		920
1984-05-12	M	2022-01-03	27	unspecified	27
2007-04-17	F	2015-05-20	1711		1711
	F	2022-01-10	774	asian	774
1933-08-29	M	2021-01-24	2604		1196
	F	2022-04-09	968		968
1926-05-24	M	2017-08-03	259		259
2005-04-01		2022-11-12	1414	asian	1414
1933-09-28		2016-05-06	997		997
2019-11-27		2017-05-07	1467		1467
1914-08-28		2022-03-08	21	unspecified	21
2018-07-24		2014-12-31	374		374
1936-04-20	M	2022-06-10	320	white	320
	M	2019-08-24	728		728
	M	2015-12-14	752		752
		2022-07-28	98		98
1919-11-01	F	2022-05-08	1509		1509
	F	2023-08-30	592		592
		2016-03-09	1680		1680
2014-02-28	M	2019-01-04	889	asian	889
2021-08-08	F	2014-01-21	1708		1708
		2015-11-11	1687		1687
1939-01-23	F	2019-06-05	2605		2158
1948-07-29	F	2019-02-27	1503		1503
1966-05-09	M	2019-04-22	69	black	69
	F	2014-09-08	1172		1172
		2016-09-06	2606		2421
1945-04-04		2015-09-08	2212	white	2212
	F	2014-09-18	2607		1945
	M	2013-10-22	1230		1230
1912-04-20	F	2015-04-04	2608		411
		2016-12-21	1400	unspecified	1400
		2015-04-15	1022		1022
	F	2017-11-25	778		778
2020-08-13	F	2021-09-17	2609		1394
		2018-09-30	1618		1618
		2018-10-21	418	unspecified	418
1958-01-29	M	2014-03-07	2084		2084
	M	2014-10-14	2610	white	1947
	M	2021-09-16	2298		2298
	M	2016-04-08	2611		1695
		2018-03-23	2612		469
	M	2020-11-28	1574		1574
	F	2015-06-23	2613		1190
1972-12-09	F	2016-08-29	2063		2063
		2015-07-18	2556	unspecified	2556
1937-12-21	M	2020-03-30	1441		1441
		2019-06-05	1940		1940
1999-05-03	F	2020-03-24	220		220
	M	2023-01-08	1744		1744
1909-05-09		2020-04-17	1652	unspecified	1652
	F	2017-06-20	1962		1962
		2018-11-11	2614		676
2006-10-27		2017-08-06	732		732
1951-10-26		2022-11-20	2615		997
	F	2020-11-16	551		551
1999-04-15		2021-11-18	2044		2044
		2017-06-21	1003	white	1003
1967-09-06		2022-04-30	2616		1780
	F	2014-11-28	687		687
2001-06-27		2022-12-06	477		477
	F	2020-04-23	2113		2113
2006-08-27	F	2021-06-20	1531		1531
	F	2021-08-01	1893	white	1893
1969-07-14	M	2022-02-12	2617	black	829
1974-10-29		2023-05-29	1729		1729
1987-07-18	F	2014-07-26	2037	unspecified	2037
	F	2016-11-20	276		276
	F	2022-03-16	1293		1293
1921-06-28		2015-01-08	1274		1274
	F	2021-09-20	1396		1396
		2019-03-06	1397	black	1397
		2021-07-17	1256		1256
1910-11-04	F	2017-12-31	2618		2302
1993-04-27		2015-08-26	767		767
		2022-05-02	413		413
		2017-04-30	1086		1086
1999-06-06		2018-11-04	2229		2229
		2015-08-31	1993		1993
2019-09-24	M	2021-07-03	473	indian	473
		2018-09-25	2060	black	2060
	F	2017-04-19	557		557
	M	2017-04-12	1631		1631
	M	2019-09-30	1213		1213
1964-08-08	F	2019-01-16	2103	white	2103
1927-08-26	F	2016-05-05	1492	black	1492
1969-05-02		2018-07-06	1901	white	1901
	F	2019-03-26	2619		804
	M	2020-02-04	2068		2068
		2021-01-13	1262		1262
	M	2018-10-13	734		734
		2021-08-09	2620		944
1947-12-26		2020-06-02	2621		1274
	M	2018-11-10	1685		1685
	M	2018-08-15	1455	white	1455
	M	2019-08-22	2203	white	2203
2018-01-16		2022-01-06	2206		2206
	F	2015-05-21	549		549
	M	2020-02-14	1700		1700
1965-08-03		2019-04-08	1850		1850
		2021-10-15	1422		1422
		2016-12-27	1216		1216
1939-05-26		2015-07-18	948		948
	M	2019-02-28	2530		2530
1907-12-24		2015-09-23	2330		2330
2000-07-27	F	2021-07-04	382		382
		2018-04-13	1669		1669
		2018-11-06	1425		1425
2013-08-01	F	2014-10-24	387		387
		2023-03-22	844		844
2023-04-13		2023-04-03	1517		1517
1965-07-25		2022-11-07	39		39
1921-02-22		2023-09-10	202		202
1974-12-21	F	2014-05-21	1239		1239
1960-08-25		2020-10-08	425		425
	M	2021-12-20	20		20
	M	2019-11-20	516		516
2015-01-11		2017-03-28	1565		1565
1935-06-19		2017-08-19	745		745
1962-02-12		2013-12-20	952	black	952
1954-03-03	M	2020-09-12	743		743
1977-10-27		2016-06-23	1122		1122
	M	2015-12-13	506	unspecified	506
2010-06-11		2019-04-03	1029		1029
1997-05-24		2014-01-14	338		338
		2023-05-06	2622		1544
1946-03-18		2013-10-16	2623		948
		2018-03-20	2624		1367
1962-01-11	F	2017-08-15	1621		1621
1930-10-17		2022-01-24	1984		1984
1953-01-28		2015-01-04	904	unspecified	904
	M	2021-06-01	2500	unspecified	2500
		2019-03-12	2625		2166
	M	2017-04-25	523		523
1988-02-21		2022-06-11	2252		2252
	M	2021-01-30	2094		2094
		2015-09-07	1570	unspecified	1570
1919-01-18	M	2017-03-01	2626		1544
		2016-08-29	2481		2481
	F	2017-06-02	480	asian	480
1966-11-24	F	2022-12-23	34		34
1969-01-16	F	2023-04-22	2543	asian	2543
1919-02-12	M	2020-04-26	976	black	976
	F	2022-01-26	1532		1532
		2022-04-18	2205		2205
		2019-02-10	884		884
		2014-05-10	1255		1255
1969-03-10	M	2017-04-17	753	white	753
1936-03-23		2014-05-22	1858	unspecified	1858
2018-10-10	M	2016-05-07	2627		2103
1969-06-19		2023-02-09	2219		2219
1918-09-26	F	2017-06-26	2628		1801
2015-07-18		2015-11-26	2629		1532
		2018-08-08	964		964
1940-09-07	M	2018-05-28	1155		1155
1995-10-14	F	2013-10-03	2630		1328
1986-06-27		2019-06-19	773		773
	F	2015-09-05	1696	black	1696
		2022-07-02	2391		2391
1931-06-16	M	2015-01-21	2631	unspecified	338
1992-09-21		2017-04-16	1490		1490
		2013-10-20	340		340
		2022-12-10	1580	white	1580
1926-11-23	F	2019-01-23	2371		2371
		2018-01-17	433	unspecified	433
1927-09-30		2021-09-12	2632	white	1142
2006-08-29		2014-11-17	583		583
		2016-06-16	1501	asian	1501
1981-12-18	F	2019-01-14	972		972
1944-07-29	M	2018-03-01	1849		1849
2013-04-18		2017-10-09	2428		2428
		2013-12-27	64		64
1932-03-21	F	2016-02-16	1576	indian	1576
1922-08-29	F	2014-11-21	1045		1045
	M	2022-04-02	2148		2148
		2019-09-02	1657	white	1657
1955-12-21		2014-03-13	2129		2129
		2023-05-15	1013		1013
	M	2021-11-14	2104		2104
		2015-05-10	1001	indian	1001
1991-06-17		2023-09-06	902		902
	F	2014-01-22	2402		2402
1967-04-10	F	2017-07-09	2633		1708
	M	2021-05-04	2634	asian	2577
	F	2018-08-02	2635		685
		2014-03-28	1976	unspecified	1976
	F	2015-09-16	232		232
2015-04-26		2018-10-27	180		180
1926-07-30	F	2020-10-23	2636	asian	397
	M	2023-08-13	1171		1171
		2018-09-12	2637	unspecified	824
		2022-05-24	446	black	446
	F	2017-09-02	1908	indian	1908
1970-04-13	M	2017-09-18	2638		2318
	M	2015-07-21	2350		2350
	M	2015-03-08	349	unspecified	349
2001-03-30	F	2020-11-25	741	unspecified	741
		2023-08-08	2639		1989
1918-08-09	M	2013-10-03	2191		2191
	M	2014-08-23	2640		1984
	F	2014-04-18	2641		1414
	F	2023-07-23	2070		2070
1942-03-04		2015-08-05	2134	white	2134
1983-01-13		2017-05-15	2642		391
	F	2018-01-28	26		26
1994-05-13	F	2021-07-22	1594		1594
1981-03-11	M	2021-01-08	1682		1682
		2016-08-17	1344	indian	1344
1943-04-27	M	2018-09-26	848		848
	F	2020-07-17	2643		873
	M	2018-07-25	2059		2059
		2021-09-05	250	asian	250
1971-01-17	F	2021-09-27	2464	indian	2464
2001-10-16	F	2020-03-01	2644	indian	1365
		2018-01-09	1092		1092
	M	2021-11-13	1259		1259
		2017-06-29	643	unspecified	643
		2018-03-14	821		821
1956-09-14	F	2017-08-16	2645	unspecified	417
1934-10-04		2017-07-08	1757		1757
		2021-02-25	2646		2016
1985-08-23	M	2021-09-25	507	asian	507
1986-12-30	M	2022-01-11	155		155
	F	2014-02-07	114		114
1972-03-31		2017-06-30	2180		2180
	M	2014-04-06	564		564
		2020-02-27	2080	asian	2080
		2022-09-09	299	asian	299
1951-02-08		2016-07-30	568		568
1964-08-13	M	2017-12-27	861		861
1958-03-28		2015-09-01	1927		1927
1933-12-17	F	2016-06-23	2095		2095
2006-04-26		2015-11-19	554		554
	M	2019-06-19	1132	asian	1132
2020-09-02		2017-03-07	2411	black	2411
	F	2018-08-11	2295		2295
1975-11-14	M	2017-08-01	2647	black	1493
		2021-08-15	1809		1809
1931-09-16	F	2019-11-04	2648		1945
1955-04-30		2014-05-30	932		932
	F	2017-09-21	2352		2352
		2016-05-12	2649		2300
	M	2021-10-10	756		756
1966-08-17	M	2015-12-14	1265	white	1265
2020-05-10	F	2018-11-04	2650		1779
		2022-07-27	631		631
1934-05-08	M	2020-08-15	96	black	96
1925-08-17	F	2014-07-06	800	indian	800
1919-04-15		2018-05-07	55	unspecified	55
	F	2016-01-28	201		201
		2020-01-08	2214		2214
1990-01-09		2019-05-08	1358		1358
	F	2023-01-17	942		942
		2022-04-14	1035	white	1035
1974-12-20	F	2015-04-10	1855	asian	1855
1941-06-05		2015-07-19	1219	asian	1219
		2015-07-30	2651	unspecified	1342
	M	2016-03-14	2652	indian	1503
		2014-01-25	1317	unspecified	1317
	M	2014-07-08	2420		2420
1919-02-03		2016-08-30	716	white	716
	F	2020-01-09	2653		1929
		2018-06-07	924	black	924
1954-12-22	M	2023-06-19	1387		1387
1918-07-16		2021-08-27	1888		1888
	F	2021-12-13	2654		1418
	F	2019-02-07	1181		1181
1908-03-17		2016-12-10	1952		1952
1953-07-16		2018-04-26	2655		1414
	M	2014-09-28	1807	white	1807
	F	2023-04-30	982		982
2021-11-04	M	2013-10-17	803	asian	803
2004-01-10	F	2019-09-24	1823	white	1823
		2022-04-14	2656		2577
1911-05-01		2017-04-10	2657		2300
	F	2020-06-23	2130		2130
2003-05-05	F	2016-02-29	2658		2478
1935-10-27	F	2015-02-17	2659		266
2016-08-08	M	2014-05-12	2660		2531
1981-07-21	F	2016-08-30	2661	asian	708
	M	2022-08-08	1713	black	1713
1991-09-28	M	2018-05-13	257		257
		2014-10-27	814		814
1969-08-07	M	2020-11-22	1995	asian	1995
1952-01-15	M	2018-08-08	550		550
		2014-11-25	403		403
		2022-06-29	2101	unspecified	2101
		2020-09-21	1487	black	1487
	F	2014-01-27	348		348
1918-10-19		2022-10-29	62		62
1925-03-27		2020-08-02	796		796
1984-02-17	M	2016-09-07	405		405
1960-10-29		2022-03-16	1721	asian	1721
	F	2017-04-28	2662	black	2110
2014-12-02	M	2021-10-11	1857		1857
		2023-03-17	1601	white	1601
1942-01-13	F	2016-05-14	2663		1084
	M	2015-01-05	1756		1756
1929-01-18		2017-01-06	398	asian	398
2005-12-28		2023-07-19	231		231
1936-07-28		2023-03-02	132	asian	132
1944-02-08	F	2018-04-22	1506	black	1506
		2016-05-20	2353		2353
		2020-11-30	2345		2345
1975-09-02		2014-12-12	833		833
2001-05-01		2023-08-14	2664	unspecified	469
1960-08-16		2013-10-24	1287		1287
1916-10-14		2019-03-25	1489		1489
	M	2020-09-24	699		699
2021-03-12		2014-06-21	2665		1185
	M	2022-07-26	2017	white	2017
1922-09-14	F	2014-03-10	2666		179
	F	2016-10-27	1883		1883
	F	2022-02-26	798		798
1965-03-23		2018-08-30	1887	asian	1887
1996-07-12		2022-04-13	1443	white	1443
1917-07-30		2016-03-08	2341	white	2341
1923-01-04	M	2021-12-10	2667		2003
1920-02-04	M	2018-05-04	1516		1516
2011-09-11	M	2015-05-24	1869		1869
1919-12-02		2021-11-01	2668		1461
1973-06-16		2016-06-07	2669	asian	810
		2021-09-27	245		245
		2014-10-07	2670		2379
1959-02-11		2023-08-01	2396		2396
1914-06-04		2020-12-15	1742	indian	1742
	M	2020-11-15	2671		1479
1937-11-21	F	2017-03-25	2224		2224
		2020-12-11	1203	unspecified	1203
1945-03-06		2016-06-25	2672	asian	2203
1923-10-16		2018-03-20	2514	indian	2514
2007-07-14	F	2017-03-10	2673	black	1621
	M	2018-10-06	983	black	983
		2023-09-18	2674		1509
1991-09-01	M	2018-11-03	124		124
2014-09-11		2018-10-23	2675		2158
		2021-11-05	1533	asian	1533
2007-07-16		2020-05-29	1651	white	1651
		2022-04-23	1831		1831
2017-05-08	F	2015-03-06	2676		1558
1976-10-08	M	2023-08-22	2677		1888
1937-01-04		2017-01-19	724		724
1909-01-06	F	2020-04-14	2506	unspecified	2506
		2018-12-05	2678		2524
1981-03-09		2022-02-08	1095		1095
	M	2022-11-05	1658	black	1658
1913-07-07		2016-10-16	2386		2386
1924-05-23		2020-01-17	2339		2339
1939-12-27		2014-11-13	278	unspecified	278
1972-07-12		2014-03-29	161		161
2021-04-13	F	2018-11-16	1720		1720
		2015-06-24	1510		1510
		2020-06-19	1285		1285
1922-04-22	F	2016-07-14	1205		1205
1931-09-02		2014-11-21	2679		1023
1985-04-02		2021-04-19	2680		473
1930-03-29		2014-02-08	2382		2382
	M	2013-11-23	2681		1658
1996-08-28		2016-01-08	2682		1356
		2017-11-30	1227		1227
	M	2017-02-24	319		319
1975-05-06		2013-12-18	2683	asian	507
	F	2014-12-19	2040		2040
1922-09-01	F	2015-01-12	886	black	886
1931-05-18	F	2016-02-16	721	unspecified	721
1943-06-23	M	2021-02-21	57	asian	57
		2015-10-25	277	white	277
1943-01-02	F	2015-01-08	2549		2549
		2017-12-12	2684	asian	2578
		2015-08-13	1800	black	1800
		2019-05-03	1200		1200
1918-09-01		2015-10-09	409		409
1944-07-05		2017-11-03	2443		2443
	M	2022-12-13	2062	white	2062
1935-02-07	M	2017-11-14	2685	unspecified	119
	M	2020-01-04	2310		2310
1927-04-21	M	2016-10-25	2686	black	2084
	F	2022-03-31	2687		1337
1951-02-22	M	2017-04-24	1339	black	1339
		2017-10-05	22		22
1928-09-25	M	2021-08-24	2688		1342
2010-07-22	F	2023-02-08	219		219
	M	2022-04-22	2689		2148
1959-08-30		2016-06-30	1778		1778
		2019-08-13	705		705
		2019-03-19	1268	unspecified	1268
1910-07-10		2018-08-02	2328		2328
1935-07-14		2018-01-20	2690	white	800
2005-12-15	M	2022-10-29	376		376
1988-02-06	F	2013-10-26	1609		1609
		2015-05-05	2343		2343
		2017-01-09	1638		1638
	M	2016-03-11	2691		1509
1980-02-23	M	2022-10-08	19		19
		2022-05-11	874		874
1951-09-06		2020-01-09	2692		338
		2017-03-04	1149		1149
2007-08-19		2018-01-24	56		56
		2019-01-24	1097	white	1097
2016-09-15		2016-11-21	2693	black	2306
1936-09-02	M	2018-08-07	2694	indian	2104
	M	2020-10-20	2695		2352
1966-03-15	F	2021-04-08	2696	asian	1225
1985-10-18	F	2022-08-01	262	asian	262
		2015-06-10	2168		2168
		2021-06-17	2027		2027
		2021-08-10	1143		1143
1987-05-06	M	2018-09-09	1904		1904
		2017-07-23	2697	white	1161
1993-09-19		2019-05-17	986		986
1964-08-26		2017-06-28	1767		1767
2003-07-04	F	2020-05-22	2698		238
		2014-01-05	2254		2254
2010-01-05		2020-08-23	2699		2443
		2016-08-10	37	indian	37
1929-04-24	M	2016-01-03	2700		219
1989-04-08		2017-12-09	691		691
1912-02-14		2021-08-20	129		129
2010-12-05		2020-03-13	2701	indian	2129
		2018-04-20	1129	asian	1129
1917-05-15	F	2021-12-22	542		542
		2020-04-08	2702		2094
2022-07-06		2020-02-03	2703		2272
2018-04-06	M	2014-04-06	103		103
		2015-04-29	1202	unspecified	1202
1996-01-26	F	2022-11-20	2704	asian	577
1915-08-27		2022-02-11	2705		1767
	F	2021-05-15	51		51
2006-08-27		2022-01-26	1117	white	1117
	M	2016-11-09	481	unspecified	481
1975-01-11		2021-12-11	2706		1454
1908-07-09	F	2015-02-28	823		823
	M	2017-09-21	1684	white	1684
	F	2015-05-09	2707		1019
	M	2021-08-26	768		768
1940-09-19		2022-03-25	2175	asian	2175
1955-08-01	M	2022-01-06	359		359
1965-02-09		2023-04-12	1739	black	1739
1975-02-16	F	2016-08-26	1815	white	1815
1996-07-18		2013-10-23	1546		1546
2012-01-08		2013-11-23	492		492
	M	2015-01-07	1783		1783
1958-04-21		2017-01-03	86		86
2020-11-21		2018-03-27	1524	unspecified	1524
1955-10-05	F	2014-09-14	335		335
		2020-11-02	1677		1677
		2018-09-19	2708	unspecified	742
1963-07-17	F	2016-11-15	2709		1735
1997-04-27		2020-01-14	242	black	242
2020-12-09	M	2021-06-30	311		311
		2020-08-28	2020		2020
2023-05-23		2015-09-15	2710	unspecified	366
		2016-06-08	95	black	95
1922-05-28	F	2019-06-23	2711		1118
	F	2016-08-17	12	unspecified	12
	F	2016-01-29	2260		2260
	M	2021-05-17	627		627
1913-09-08	F	2013-10-03	2108		2108
1917-01-06	M	2023-01-13	843	black	843
1949-01-04	F	2022-12-13	2712		1621
2017-11-11	F	2019-09-06	2452	black	2452
		2023-03-23	1919		1919
1910-08-11	M	2020-03-07	2425	black	2425
		2023-01-20	2713	asian	61
1948-10-15		2020-08-24	750		750
1913-07-19		2015-12-06	2474	black	2474
1955-12-15		2014-07-21	2714	white	910
		2019-12-07	2715		2229
1911-11-07	F	2022-05-18	906		906
1928-04-22	M	2015-07-21	1750		1750
	M	2022-10-28	2716		2165
1918-04-13		2023-09-12	1604	black	1604
		2014-04-11	2435		2435
		2014-12-09	2081	unspecified	2081
1911-03-07	M	2021-08-07	630		630
1984-05-14		2018-02-10	1435		1435
2018-05-03		2019-12-24	1907		1907
	M	2015-09-30	1496		1496
2017-10-03	F	2021-02-24	1266	asian	1266
2016-12-18		2019-07-26	2717		1720
	M	2016-05-22	1020	indian	1020
1946-11-18		2016-06-06	1718	white	1718
	M	2020-08-22	400	black	400
2007-11-24	F	2018-09-20	2718		2266
		2020-04-10	2370		2370
	F	2017-07-29	2719		2129
1952-12-01		2018-08-14	1538	indian	1538
1915-09-11	M	2022-08-31	2720	asian	1439
1920-06-09	M	2020-12-02	2721		42
	M	2017-09-16	2441		2441
		2020-09-16	2512	white	2512
		2022-03-29	1796		1796
		2022-08-12	2722		464
1968-02-09	F	2014-04-04	1491		1491
1927-11-20	M	2017-04-14	822	unspecified	822
1930-11-24	F	2017-06-06	582		582
1959-04-15		2015-10-24	2723		1849
1962-09-03	M	2013-12-11	2724		2548
2020-12-13	M	2023-06-24	670	asian	670
		2016-09-14	2725	unspecified	1385
		2016-06-12	530		530
		2014-02-03	2162	white	2162
1984-09-20		2020-04-14	1938		1938
	F	2018-09-13	1892	black	1892
1934-05-19	F	2015-06-16	2550		2550
	M	2018-09-04	505		505
		2019-01-29	2154		2154
		2023-09-12	1946		1946
		2018-07-06	1235		1235
		2013-11-13	1074		1074
1980-08-30		2023-07-08	1880		1880
1966-07-04	M	2020-07-01	2045		2045
1995-11-19		2022-05-30	2726		579
1920-02-04	F	2016-02-25	514		514
2015-02-12		2016-09-17	2087	white	2087
1972-11-16	M	2020-02-16	2727	asian	2243
		2023-02-10	979		979
1910-11-25		2014-08-16	288		288
2003-01-12	F	2022-09-19	2728		1576
1958-12-01	M	2020-07-30	1824		1824
		2014-11-26	2729		1285
	M	2023-03-30	2730		319
1946-05-25	F	2017-08-23	2731	unspecified	753
		2014-02-02	1463		1463
	F	2021-12-11	2732		1738
1969-12-29	M	2021-09-12	1136		1136
		2022-11-19	1535		1535
		2014-12-23	2733		277
1966-02-19	F	2015-06-20	385	unspecified	385
1959-10-19	M	2021-06-05	2010		2010
		2022-07-11	2734		713
1972-05-31	M	2021-04-03	1578		1578
2023-08-23	M	2015-05-13	749		749
1937-06-20	M	2015-08-04	2002	black	2002
1974-11-13	F	2015-08-30	522		522
	F	2014-06-17	634		634
	F	2016-11-17	1653	unspecified	1653
		2016-02-21	1634		1634
		2023-02-19	2735		1664
	F	2018-09-02	2736		748
		2014-02-04	2312		2312
		2018-03-15	2036		2036
1927-09-04	M	2014-02-10	466		466
1997-09-06		2022-05-01	2737		231
		2023-07-23	2738	black	1113
	F	2022-08-13	2739		822
1980-01-21		2019-02-17	1820		1820
1992-07-28		2020-07-20	2740		1425
2014-07-29		2019-03-20	2741	black	2233
1971-09-05		2017-12-13	2742		419
1930-11-21	M	2023-07-03	500		500
1929-07-29		2020-12-10	1572	black	1572
1966-11-20		2022-10-01	2743		262
		2014-05-16	2250		2250
1913-04-28		2015-03-14	1047		1047
		2017-03-10	2744		20
		2023-09-06	2745		1101
1911-09-28	M	2016-10-27	1469		1469
	F	2019-08-15	2746		1524
		2015-12-07	1348		1348
1980-01-26	F	2014-07-03	224		224
1932-06-21	M	2021-10-04	254	asian	254
1912-01-08		2017-05-13	2747		2485
	F	2020-01-04	2748		2092
1921-07-29	M	2021-10-02	2749		1833
	F	2022-12-15	1797		1797
2004-11-25		2021-01-22	1158		1158
2015-05-17		2022-02-02	167	asian	167
		2014-09-06	2546	unspecified	2546
		2020-10-10	1341		1341
2014-11-25	M	2020-01-16	2750		1385
	F	2019-12-22	2751		1287
1992-12-02		2015-08-26	2752	indian	2178
	F	2020-10-15	2753		568
1937-06-24	M	2021-04-13	2754		2175
1960-01-13	F	2023-07-19	714		714
	M	2017-02-20	2755		2104
1924-01-06	F	2021-05-20	1260		1260
1942-06-25		2020-12-29	2756		2108
1999-11-08		2015-05-25	1845		1845
	M	2020-03-13	1555	white	1555
		2022-12-25	1346	black	1346
	F	2016-07-20	1843		1843
1959-01-16		2015-03-30	118	indian	118
		2022-12-09	1273		1273
1951-04-07	M	2021-05-24	1615	unspecified	1615
1974-05-16		2018-01-01	1382		1382
1932-02-24		2021-05-04	317		317
		2021-07-16	1550		1550
1973-10-14	M	2018-04-16	2142		2142
	F	2022-06-02	912		912
2018-02-19		2016-02-18	2426		2426
		2022-04-15	2757	asian	549
1931-08-30		2015-09-15	2480		2480
	M	2023-01-06	789		789
1998-05-13	M	2015-03-27	1994		1994
1992-08-10	M	2018-07-26	2558	asian	2558
		2018-09-21	99		99
2013-04-26		2015-07-16	871		871
		2019-05-08	1033	black	1033
		2021-12-25	2758		1439
	F	2017-11-14	2308	unspecified	2308
	M	2016-02-07	1834		1834
1932-12-03	M	2017-04-30	2270		2270
		2015-02-10	2155		2155
	F	2018-02-24	2759		1351
		2016-10-28	2760		96
1924-11-17		2021-10-28	1847	unspecified	1847
	F	2020-04-05	2761	black	721
		2019-09-06	1835	asian	1835
	F	2017-08-09	105	white	105
1996-07-02		2023-07-19	2762		1750
1916-01-22		2016-07-27	2763		257
1951-05-16	M	2021-07-23	2545		2545
1923-10-29		2018-03-16	2764	black	2206
1959-03-21		2016-02-28	2498		2498
1909-12-27	M	2023-06-14	2765		86
1947-02-09		2022-07-01	2766		2040
		2021-07-26	350	black	350
1908-10-21		2018-10-12	2767		2103
1982-06-30	F	2015-03-22	2768		1858
1999-01-11	F	2016-05-26	252	unspecified	252
	F	2014-08-26	827		827
		2022-08-04	2769		1669
1965-02-08	M	2019-08-28	150		150
		2020-12-03	10	white	10
	M	2022-09-09	2770		1847
1992-05-26	F	2014-02-26	1168		1168
2007-10-03	M	2019-05-13	919	white	919
1976-09-22		2017-11-24	236	black	236
1953-07-18	M	2014-09-25	2771	black	1351
1914-04-12	M	2023-07-15	212		212
1954-01-24		2020-07-10	2772		1294
1916-08-15	F	2019-12-06	2773		1341
1968-10-01		2018-01-30	1215	unspecified	1215
	F	2015-12-28	146	asian	146
2017-06-29		2013-11-23	1442		1442
1959-03-02		2016-02-09	2774		2350
	M	2023-08-07	2021		2021
	M	2017-02-14	2775		1705
	M	2019-10-17	1557		1557
2003-05-05	F	2021-07-18	2776		2330
1993-11-30		2022-09-12	1607		1607
		2020-04-13	2777	unspecified	2378
		2020-09-30	2778		58
		2013-10-30	2006	white	2006
1944-12-11		2022-10-18	2779	white	409
2007-05-05	F	2023-06-11	697		697
	M	2020-12-14	1105	unspecified	1105
1957-06-13		2013-11-23	1822		1822
	F	2015-10-04	2780	asian	2068
1950-01-27		2015-04-10	2781		986
2009-07-25		2023-06-17	2782	unspecified	1963
1980-05-11	M	2023-04-04	1245		1245
	F	2019-08-28	837		837
	F	2021-03-01	2783		708
1972-04-22		2014-10-11	621		621
1917-02-22	M	2021-02-24	971		971
	F	2017-06-02	2442		2442
	F	2021-04-01	2784		2045
1944-05-26	M	2017-02-01	2785	unspecified	1425
2020-12-03		2022-12-09	2786		1735
		2014-02-08	297		297
1997-05-28	F	2017-12-28	2140	white	2140
1957-03-30		2015-10-08	163		163
2021-07-24	F	2018-01-04	2121		2121
1908-11-29	F	2020-09-10	2787		677
	M	2018-05-29	440		440
	M	2017-09-28	293		293
1947-08-29	F	2019-04-27	2433	unspecified	2433
		2021-10-12	344		344
	M	2013-10-19	913	unspecified	913
		2013-09-29	602		602
		2014-05-28	97	asian	97
1986-10-13	M	2019-07-19	2788	black	1463
	F	2021-03-31	2789	unspecified	1593
	M	2020-07-16	2790	black	429
	F	2018-07-17	2434		2434
		2016-03-08	834		834
		2018-03-19	2791		790
2000-05-08	M	2016-10-20	2792		2271
1955-08-21		2013-11-22	1832		1832
1982-09-05	M	2020-01-08	2117	white	2117
		2020-08-28	2793		140
	F	2019-11-14	2794		816
		2018-08-24	576		576
	M	2016-02-16	1184	white	1184
		2021-10-26	1564	unspecified	1564
1943-12-22	M	2017-11-26	2795		1334
1919-12-30	F	2020-03-05	2796		1947
1992-11-29	F	2017-04-10	1378	unspecified	1378
		2021-03-21	251		251
1922-01-24	M	2019-10-07	148		148
	M	2016-12-23	954		954
	M	2016-03-20	2797		425
1958-10-21		2016-02-04	2798	black	2043
1981-01-22		2023-09-06	1581	unspecified	1581
	F	2020-11-09	269		269
2013-12-26		2023-01-11	2169		2169
1969-11-12		2020-08-15	2799		1260
		2020-10-30	1436		1436
		2018-07-19	678	black	678
	M	2017-06-06	196		196
1921-11-19	F	2019-06-07	2526		2526
2023-09-03	F	2023-01-06	460		460
		2017-05-16	818		818
1946-12-08		2018-01-20	2225		2225
1920-04-04	F	2021-02-08	1552		1552
1940-11-22	M	2017-09-02	2800	unspecified	118
	F	2022-03-12	2801		1952
	M	2020-08-27	1512		1512
	F	2023-01-23	1283		1283
1988-03-19	M	2021-09-21	2802		64
		2013-10-21	2803	white	1855
		2018-09-05	1052	black	1052
		2019-09-06	1277		1277
1992-02-15		2019-07-15	1448		1448
1931-07-01		2016-02-01	2804		2522
1964-11-24		2013-11-19	1248	unspecified	1248
	M	2018-09-12	2479		2479
		2017-03-24	87		87
	F	2018-09-05	2268		2268
	F	2023-04-17	2805		713
1935-04-26		2014-08-10	2136		2136
2010-02-20	M	2022-07-25	2806		34
	M	2022-05-27	2807	asian	2128
1953-07-14		2015-11-24	2808		1461
		2016-08-22	2809		528
	M	2021-10-21	2810		1892
	M	2014-02-12	2811	unspecified	306
2018-01-16		2018-01-24	1299		1299
1951-09-10		2014-06-26	2812		1052
1961-09-25		2013-11-27	2369	asian	2369
		2021-08-21	7		7
1971-07-30	F	2019-07-25	690		690
1936-02-23		2017-10-31	2813		1209
	F	2017-10-21	2814		97
1930-08-14		2017-10-18	2815		1820
	F	2022-12-15	1244		1244
	M	2015-05-25	2399		2399
	M	2016-04-13	2816	white	1815
1981-06-10		2017-11-21	1906		1906
1922-11-08	F	2022-09-02	2047	asian	2047
1986-09-14	M	2022-10-08	1584		1584
1957-12-26	F	2021-03-01	2817	white	1785
2007-09-06	F	2022-05-05	1286		1286
1945-09-07	F	2013-10-24	2483		2483
		2023-07-05	2818		1574
	M	2016-06-29	1031	unspecified	1031
		2017-05-13	1212		1212
1917-02-09	M	2017-03-14	903	black	903
	F	2019-04-03	2819		2242
2019-07-06	F	2019-02-17	2820		1669
1997-09-04	M	2019-10-20	2821		2205
1924-04-03		2014-06-05	2822		1255
	F	2022-01-26	2823		1823
1946-01-30		2023-08-25	731		731
	F	2014-07-02	1318		1318
2010-01-07		2019-06-11	2824		1136
1965-03-31		2019-03-01	2825		1581
1913-02-09		2022-06-16	605		605
2016-06-27	M	2023-01-05	1953	unspecified	1953
		2017-06-26	2826	white	198
2008-06-28		2021-10-10	1672	black	1672
2016-02-18		2014-02-19	639	unspecified	639
2005-03-09	F	2019-09-12	1759		1759
1998-01-10		2019-07-18	1276		1276
		2015-11-26	847		847
1959-05-14		2019-09-08	2827		2214
		2017-08-06	679		679
		2016-08-28	1284		1284
1991-10-18	M	2018-11-29	2828		685
	F	2018-07-26	2829	black	162
1924-05-10	F	2015-10-31	351	asian	351
2019-08-18		2023-08-28	2830		605
		2019-06-18	2831		631
	M	2018-10-06	2832		2059
1941-04-04		2018-12-24	1156		1156
1944-11-20		2022-04-11	2833		1156
1991-05-14		2017-10-24	2834		643
1996-04-24		2018-04-12	2835		2027
2009-06-17	M	2018-08-12	316		316
1944-05-04	F	2023-07-14	52	asian	52
1909-11-23	F	2019-11-08	1842		1842
1918-10-06	F	2020-04-12	1921		1921
		2016-03-31	2836		1564
1941-07-15	M	2016-02-03	450		450
		2021-06-07	2837		2321
1915-06-03		2023-03-22	2838		22
	M	2016-11-01	156		156
		2015-05-14	247		247
		2015-04-16	2839		845
		2015-07-25	2111	white	2111
		2019-11-28	2840		112
		2015-01-08	2841	indian	2168
1983-06-03		2022-05-02	1900		1900
1957-11-02		2014-05-18	1588		1588
	M	2019-07-03	2842		798
		2019-05-12	1069	white	1069
		2021-06-10	811		811
1955-10-05	F	2018-12-01	1453		1453
		2018-06-17	1948		1948
1984-05-05	M	2015-11-10	2843		2205
1914-02-10		2014-04-13	761		761
		2014-07-18	2844		789
		2018-04-18	2845		1682
	F	2013-11-10	2846		37
	F	2021-05-19	2847		289
	M	2018-04-08	2848		1192
	F	2022-01-05	2124		2124
1982-09-20		2019-09-26	159	unspecified	159
1933-09-07		2014-10-11	1159		1159
1932-12-14		2020-12-10	2849		1856
2007-04-16		2020-04-14	717		717
1974-08-02	M	2017-11-04	2850		1348
1911-07-17	M	2017-03-10	2851		201
1914-04-30	F	2020-07-14	2852	asian	1995
		2020-11-08	2853	asian	753
1934-04-13		2018-07-05	791		791
1990-04-01	M	2019-01-15	1452		1452
2008-11-20	F	2020-09-14	2854		1092
2008-10-08	F	2018-07-19	2855	unspecified	1276
1996-04-25		2023-04-19	2856		1031
1948-01-24		2017-01-08	949		949
	M	2016-11-25	2857		903
2023-01-12		2022-02-13	2858		466
2004-11-22		2014-04-13	2859		254
1908-08-14		2013-12-28	2366	black	2366
1976-06-02		2022-04-27	2860	black	2250
1969-09-30		2019-01-17	878	white	878
		2021-04-08	2861	indian	1573
1909-09-06	F	2019-05-07	2862	white	340
1962-08-16		2018-12-30	230		230
1941-03-26		2019-01-03	2292		2292
		2020-07-07	1405	black	1405
1921-03-28	F	2022-10-30	2863		1750
		2020-12-09	1141		1141
1909-05-31		2019-04-22	1736		1736
1908-01-21	F	2020-06-21	499		499
		2015-12-06	2864		691
	F	2020-04-18	2865		924
	F	2016-05-21	1827		1827
	F	2017-06-28	2866		1190
		2021-07-05	2867		2528
2023-03-06		2019-12-18	217		217
		2021-06-26	2028	unspecified	2028
	F	2021-11-02	2022		2022
	M	2018-09-05	120	unspecified	120
		2017-08-21	2868	asian	1569
1949-09-07	M	2015-10-14	2869		1177
	M	2019-04-05	2870		1685
1971-12-10		2021-08-15	2871	unspecified	398
		2018-10-06	141		141
1914-02-08		2017-09-20	2872		1996
		2018-09-13	2873		2300
1978-03-07		2016-08-25	2874		1658
	M	2020-10-07	2126		2126
	F	2015-09-03	2875		845
	M	2018-10-22	2876	white	1324
1940-12-10	M	2017-01-19	2877		514
		2017-06-08	81	unspecified	81
		2019-05-06	2878		1717
	M	2014-06-14	2879	asian	2020
	F	2018-02-10	2880		374
		2021-07-03	1085		1085
	F	2013-11-16	240		240
1982-12-05	F	2023-09-03	2881	white	1906
1993-03-07	F	2021-09-19	2882		1849
1946-07-10		2021-08-19	1427		1427
1940-05-26		2019-03-30	2883	unspecified	1279
2018-10-26	F	2021-12-23	2884		1033
	M	2022-04-17	2348		2348
	F	2014-03-29	2885	white	62
		2015-08-10	2886		1878
	F	2021-09-24	2887		1913
1935-08-18		2018-12-03	2888		1842
2018-11-17	F	2022-07-06	595		595
	M	2023-02-01	476	white	476
		2017-03-16	2889		71
		2015-12-15	851	asian	851
	M	2021-11-21	2235	unspecified	2235
		2020-09-17	1699	unspecified	1699
2014-08-17	F	2019-09-18	1000		1000
	F	2016-05-23	1393	black	1393
2002-11-23	F	2019-04-05	2291		2291
		2021-04-01	1483	black	1483
1948-07-08		2018-07-30	1232		1232
	M	2016-08-16	2890		476
	F	2016-05-01	555		555
1944-09-04		2020-11-21	308		308
1985-10-19	F	2018-07-04	556		556
	M	2017-10-15	2407		2407
1924-08-08	M	2018-04-06	1529		1529
	M	2014-01-09	445	asian	445
1911-11-06	M	2014-05-20	1714		1714
	M	2022-09-02	2891		1680
1958-05-24		2020-06-23	2281		2281
	M	2022-05-31	2273		2273
1939-05-22		2014-03-18	2892		582
		2018-04-23	617	white	617
		2019-02-06	1103		1103
	M	2015-06-07	363	unspecified	363
1937-06-04	F	2021-06-27	2893	black	796
1916-05-21		2018-12-22	723		723
1908-06-25		2019-01-19	839	black	839
2018-05-22	M	2019-04-09	1965		1965
1929-08-27	F	2018-07-15	2894		750
		2019-01-08	2895		1468
	F	2023-06-15	2896		118
1929-12-12		2016-06-02	1327		1327
1928-01-20		2019-03-09	225		225
		2016-10-27	1478		1478
1977-03-14		2015-09-19	2555	white	2555
2016-01-29		2017-08-09	65		65
		2019-08-27	1331		1331
2004-12-17	M	2019-05-16	2313		2313
1952-04-28	M	2020-06-18	2897		148
1986-11-17		2015-05-03	2898		180
	F	2020-06-22	2899		1287
2023-08-11		2014-09-21	2900		817
	F	2014-05-01	2901	white	1403
2011-08-26		2017-04-20	2902		741
1947-08-13	M	2020-07-08	2903	white	1103
1925-02-01		2023-05-15	2904		1779
		2017-04-05	2127	white	2127
		2016-05-11	1934	black	1934
1946-01-28		2021-10-21	126		126
		2023-07-11	2905		2263
	F	2019-04-28	2906		551
1941-02-27	F	2017-01-29	1059	indian	1059
1983-05-29	M	2014-02-17	364		364
1938-05-30	M	2022-07-18	2460		2460
	F	2016-11-28	1444		1444
		2014-05-04	213	unspecified	213
2001-03-25	M	2016-08-12	2907		1800
		2016-10-20	2908		269
1913-08-13		2022-06-22	326		326
2017-05-19		2014-09-18	152		152
	F	2013-10-13	1034		1034
		2020-06-08	2909		1038
1988-12-30		2019-06-25	588	asian	588
1988-06-09		2023-08-14	2910		889
		2017-07-16	2325		2325
1922-02-26		2016-10-19	2106	white	2106
		2022-03-17	509		509
		2015-05-28	2109		2109
1920-10-19	M	2015-07-02	2911		418
	F	2022-10-06	2912	asian	1735
1926-06-16	F	2017-09-13	0		0
		2017-09-24	2913		999
	F	2020-03-03	2914	white	1324
		2023-01-08	619		619
		2014-01-20	585		585
2020-11-23		2020-09-15	2915	unspecified	118
1994-05-28		2016-06-29	2916		1365
	F	2023-01-09	1280		1280
1962-11-13	F	2023-08-22	740		740
		2018-10-06	2917	white	1075
1924-04-17		2013-11-27	2918		2229
1969-06-18	F	2020-11-03	2919		220
	F	2016-12-08	2920		1581
		2021-12-24	696	unspecified	696
1915-12-07		2021-03-26	612		612
	F	2021-06-20	2921	asian	2096
1936-10-08		2014-08-28	1663		1663
1967-07-07	M	2023-07-30	2922	white	213
		2018-10-27	16	black	16
	M	2020-11-01	2923		579
2020-02-28	M	2014-06-09	1812		1812
	M	2015-06-06	584	unspecified	584
		2014-08-04	2924		1854
	F	2017-05-13	2925		1351
1952-07-30		2020-06-19	604	asian	604
		2020-10-07	867		867
		2014-06-28	2163		2163
1986-02-04	M	2021-09-03	2307	unspecified	2307
		2016-10-19	2417	asian	2417
	M	2015-02-15	563		563
	F	2016-01-07	651	unspecified	651
1914-08-03		2023-07-13	987	white	987
		2023-06-10	581		581
1909-07-11		2018-05-28	510		510
1941-12-14		2013-11-16	2926	asian	1731
1949-05-22		2017-07-01	471		471
1982-01-19		2016-09-08	443	unspecified	443
1996-03-01	M	2022-09-12	2502		2502
	F	2022-07-10	616		616
1941-11-17	F	2016-10-17	2927		429
1991-02-02	F	2014-11-08	1881		1881
		2020-12-03	2928		2379
		2022-04-04	2929	black	1753
		2021-11-28	2930	unspecified	2399
		2023-06-30	907		907
1997-12-16	M	2018-05-01	2931		616
	M	2018-11-24	570	unspecified	570
	M	2020-10-12	170	black	170
	M	2019-09-09	2932		1680
1984-10-31		2019-05-31	1905	black	1905
1995-11-23		2015-09-03	2933		369
1922-01-09	F	2015-04-08	1458		1458
1974-05-03		2023-03-04	2934	unspecified	2428
		2019-04-26	2935		265
		2020-03-15	2936	asian	1850
1924-08-26		2022-05-16	2551		2551
		2022-10-24	1590		1590
1924-10-31		2015-06-04	2937		1453
	F	2022-08-30	2938	unspecified	2087
1938-05-17		2021-03-06	2939		1453
1971-03-17	M	2014-07-23	2940	white	2324
		2023-09-02	2941	indian	1622
	F	2020-09-09	1606		1606
1914-05-26	M	2021-12-01	368	indian	368
2019-02-01	M	2017-03-02	424		424
	M	2017-04-21	2942		351
	F	2021-08-29	1134	unspecified	1134
1970-05-31		2022-05-21	1666		1666
1974-05-26		2013-12-11	2943		266
		2018-08-13	70	unspecified	70
1958-07-14	M	2019-03-11	2944	white	1069
1996-11-22		2021-11-14	2945		1652
		2022-10-23	2946	asian	1288
1945-09-02	M	2015-05-26	1174		1174
	M	2019-01-28	2278		2278
1957-05-21		2017-04-28	1065	black	1065
	F	2020-01-09	2947		2243
		2014-05-07	2948		500
		2016-04-18	2949		1678
1983-05-12	M	2019-07-17	1910		1910
2003-02-27		2023-08-03	2105	asian	2105
		2023-02-19	2950		816
	M	2015-05-11	2951		1097
1998-09-02	F	2015-12-23	2952	unspecified	1947
		2022-10-16	2262		2262
	M	2019-02-04	2193		2193
1940-06-11		2022-03-14	2953		2549
2004-05-01	F	2014-04-24	1272	unspecified	1272
1934-12-15	F	2018-02-04	1151		1151
1957-09-09	M	2020-12-13	2954		724
		2015-05-14	2955		1349
2000-03-23		2016-02-29	2001	white	2001
		2021-05-21	1224		1224
2019-10-22	F	2021-01-17	2956	white	1478
	M	2017-07-17	1313		1313
1957-10-06	M	2019-09-05	2228	unspecified	2228
1925-05-24		2014-08-19	2957		351
1957-07-11	M	2023-01-17	1247		1247
2008-09-13		2017-06-03	704		704
		2019-02-12	2066		2066
		2016-08-31	2958	white	676
1981-02-26	F	2016-12-23	1424		1424
1928-07-24		2021-07-26	1769		1769
	M	2020-01-07	1786	unspecified	1786
		2019-04-03	1879		1879
	F	2022-07-28	797		797
2022-09-06		2015-10-07	1041		1041
		2015-09-27	2294	asian	2294
	M	2022-07-08	2959		2561
1926-03-10	F	2019-10-04	881		881
2009-09-05	F	2022-11-25	2960	white	754
		2021-08-20	1391		1391
1948-03-23	F	2013-12-11	2961		743
1983-09-30		2015-06-03	2962		1701
	F	2020-06-29	535		535
2002-06-10		2018-06-12	2963	unspecified	387
1930-11-19	M	2019-03-31	1603		1603
1917-10-20	M	2017-09-17	2964	asian	1203
1915-03-16	F	2016-01-18	2135	unspecified	2135
2007-01-29		2017-01-27	2181		2181
		2020-07-07	2965		1268
		2019-02-27	2966	asian	1405
	M	2021-06-20	1005	asian	1005
		2020-08-07	978		978
1947-11-12		2021-01-06	1760	white	1760
1984-08-09	M	2020-08-15	2967		526
		2021-08-17	496		496
	M	2015-02-05	2462		2462
		2019-08-03	2968	white	1203
1921-10-03	M	2022-07-13	1848	unspecified	1848
1981-06-24		2013-11-05	1032	white	1032
		2013-10-21	2969	asian	506
	M	2020-07-24	950		950
1974-01-02		2020-03-19	2970	asian	364
1929-12-14	F	2022-07-20	1970		1970
		2019-02-10	1583		1583
	M	2015-11-02	2971	unspecified	1334
		2017-06-08	336		336
1941-02-11	F	2021-07-21	2972		1139
	M	2018-06-30	2973		1419
	M	2017-08-18	648		648
2015-02-21	M	2019-11-05	2380		2380
2020-11-16		2015-01-26	2974		1458
1956-05-10	M	2022-04-29	1121		1121
	M	2021-10-08	1246		1246
1949-11-24	M	2021-03-01	2975		2543
	M	2020-07-06	2976		752
	F	2022-01-07	2977		1883
	F	2014-01-26	2978		1155
1942-11-20	F	2018-08-11	2979		446
		2017-06-09	2980	asian	2091
1991-08-05	F	2014-08-13	2981	unspecified	1502
		2017-06-22	2982	black	2062
		2020-07-05	2983	white	376
1954-04-13	F	2014-02-11	2984	unspecified	2498
1985-01-13		2014-11-12	2985	asian	1752
2015-11-13	M	2023-03-26	1138	indian	1138
	M	2021-07-12	801		801
		2019-08-21	2056		2056
1908-10-25		2023-03-26	730	white	730
1944-09-29	M	2015-10-04	2565		2565
1977-11-01	F	2022-10-01	2986		1289
2003-01-01	M	2015-06-02	1300		1300
1965-08-30		2021-03-26	189		189
1973-09-22		2018-12-01	2289		2289
1984-02-16		2021-10-28	2244		2244
	M	2017-10-21	2987	unspecified	1984
2011-03-17		2021-05-04	2988		2047
1926-04-17		2019-05-17	2989	unspecified	2568
		2020-10-26	2990	black	837
		2022-10-12	637	indian	637
		2021-10-22	422		422
		2022-11-29	569		569
		2023-06-05	671		671
		2014-02-04	739		739
1943-11-02		2013-09-24	1257		1257
1910-09-06		2016-07-03	2991		368
1936-09-07		2019-09-08	2992		152
	M	2019-09-09	2993		507
	M	2018-03-23	2994		2292
1997-08-25		2018-11-18	2995		1842
1990-07-29	F	2014-04-27	2996		509
	F	2017-02-13	74	unspecified	74
		2022-12-05	2997		446
2013-07-08		2018-08-06	785	asian	785
		2018-07-30	2998		2228
		2019-10-28	2999		2193
1932-08-09	F	2014-09-02	1030		1030
	F	2018-12-17	1561		1561
	F	2022-12-16	435	white	435
2009-11-23	M	2020-08-30	2011		2011
1991-04-28		2015-04-13	1782	indian	1782
1934-03-09	F	2020-03-31	578	asian	578
1986-04-02	F	2018-04-09	3000		1887
1963-05-05		2020-07-21	885		885
1926-04-26	F	2016-11-26	127		127
1986-05-19	F	2017-07-12	88		88
1910-10-16	M	2019-03-09	3001		753
1980-10-21		2023-02-16	2469		2469
2012-01-03	M	2015-04-04	3002		762
1969-07-28		2020-06-27	1323	indian	1323
1946-02-18	F	2022-06-06	3003		2165
		2018-09-20	3004		1202
1990-01-06	M	2016-09-12	3005	black	148
1977-11-04	M	2021-02-26	2364		2364
		2018-09-04	1064		1064
1913-01-29	M	2019-07-13	3006	unspecified	1040
1955-01-21	F	2022-07-19	3007		1564
2010-04-03		2016-04-12	3008		1256
1983-06-12	M	2022-05-31	1665		1665
1977-08-02		2017-12-25	3009	white	1005
	F	2015-08-04	1163		1163
1965-03-21		2017-01-05	327	asian	327
1986-06-22	M	2020-09-04	3010		734
1931-06-25		2021-11-07	3011		2575
	M	2019-05-20	2122		2122
1938-05-22		2021-09-27	456		456
		2022-02-22	3012	white	797
1971-01-26		2017-02-01	883		883
		2020-08-15	531		531
		2023-03-05	1522		1522
2020-01-11		2014-01-22	3013		208
1958-05-19		2013-11-09	3014		739
	M	2014-06-13	893		893
1967-01-21		2020-12-11	3015	asian	1305
	M	2021-05-11	193	asian	193
	F	2017-08-13	1694		1694
2022-08-12		2016-12-25	1950	white	1950
1956-02-22	M	2022-03-16	1643		1643
		2019-02-20	929		929
		2014-05-04	3016		351
1944-09-30		2013-12-14	1420	black	1420
1955-04-08	M	2016-02-15	2309		2309
1996-08-17	M	2020-08-13	3017	asian	2060
		2022-08-21	3018	unspecified	388
1927-02-14		2019-04-02	3019	black	1393
1950-10-28	M	2021-12-27	2153		2153
1955-06-07	F	2023-09-10	3020		1705
		2018-08-03	1316	black	1316
		2020-07-11	2449	indian	2449
		2015-01-15	3021	asian	885
		2016-05-25	3022		282
		2019-07-18	1511		1511
1908-09-29		2016-07-09	237	black	237
		2020-08-19	3023		1533
1964-08-16	F	2014-09-03	158		158
		2021-09-19	3024	asian	1030
1957-07-05		2016-07-20	3025	white	1293
	M	2015-07-04	3026	unspecified	1427
1996-01-27	M	2014-12-28	452		452
1914-08-29	M	2022-03-03	3027	black	576
		2016-05-07	2349		2349
2009-06-05	M	2019-06-22	3028	black	2321
		2017-11-21	468		468
		2014-10-04	2515		2515
	F	2022-04-23	3029		1279
	F	2021-11-05	1333	indian	1333
		2021-12-12	669		669
2009-10-13		2016-05-23	191		191
1933-08-09		2017-10-06	613		613
2002-07-21	M	2022-10-12	1067		1067
1916-05-21	F	2018-01-01	2342	indian	2342
1988-06-30		2022-07-06	973	asian	973
	M	2021-12-26	3030	indian	1245
	F	2019-08-15	3031		1796
	F	2020-03-29	3032	unspecified	434
	M	2021-04-28	3033		990
1992-05-30	F	2021-08-20	3034		604
1984-11-25	F	2021-01-14	3035	asian	460
2023-07-08	M	2020-07-04	337	unspecified	337
1997-05-29		2021-05-31	1068	indian	1068
1973-10-06		2019-02-18	980	white	980
1971-08-30		2022-06-27	321		321
1974-10-11		2019-03-24	856		856
		2015-09-17	3036		551
	F	2017-01-01	1592		1592
	F	2021-09-22	1548		1548
1913-01-26		2020-07-12	3037		754
		2018-01-05	3038		2532
1963-12-26		2017-10-05	3039		208
1940-10-27		2015-09-17	3040		1296
1945-10-17		2014-03-21	3041		1826
1927-01-09	M	2018-07-24	3042		1735
1927-04-17		2018-06-04	1438	indian	1438
	F	2021-07-14	1314		1314
2018-07-06		2015-10-27	1761		1761
1948-06-25	M	2015-05-01	3043		61
	F	2018-02-11	3044		919
1948-07-10		2016-09-20	3045		1378
		2021-01-19	872	white	872
1964-07-17		2020-08-16	3046		1975
1963-06-09	F	2022-02-08	3047	asian	1356
1922-03-01		2021-08-02	3048		577
1978-02-01	M	2017-01-12	1133		1133
2017-07-08		2022-03-31	3049		757
2001-08-02		2019-04-01	3050	unspecified	1114
	M	2014-03-06	3051		1328
2018-04-07		2015-07-29	3052		902
1949-07-22		2016-06-09	3053		1209
		2016-11-03	1183		1183
	F	2018-08-24	513	white	513
		2015-11-30	3054		1756
		2019-10-17	1862		1862
		2016-11-29	2493		2493
1924-05-01		2021-03-14	1933		1933
2013-12-17		2019-10-16	3055		602
		2017-05-27	838		838
	F	2015-04-25	1591		1591
1945-07-26		2017-08-20	3056		1181
	F	2021-08-23	3057		2027
2020-04-11	M	2021-07-28	2018	unspecified	2018
		2017-07-15	3058	asian	2299
2020-07-15		2016-12-07	3059	asian	881
1908-11-28	F	2019-11-30	3060	white	363
1942-12-30	F	2015-10-24	77		77
		2019-02-08	2521		2521
		2017-11-26	451	indian	451
		2022-06-27	3061		2026
		2014-05-10	2176		2176
		2019-10-15	3062	white	985
	F	2017-02-25	1686		1686
1937-07-27	M	2014-03-02	3063		2136
	M	2023-05-14	3064		686
		2017-12-02	939		939
2010-07-15	F	2017-11-08	3065		2229
1978-04-07		2018-05-09	1691	asian	1691
2002-10-10		2019-02-14	3066		2295
1995-11-26	F	2023-04-22	799		799
		2017-08-26	3067	white	1396
		2018-09-28	3068		1647
		2014-09-15	3069		1034
2000-10-29	M	2018-12-27	3070		219
2002-10-19	F	2021-12-06	1599		1599
	F	2017-09-17	3071	black	2305
2023-05-20	F	2021-12-04	3072	unspecified	2092
		2018-06-01	3073		1279
1953-11-12	F	2020-06-27	3074	unspecified	460
	M	2021-09-02	3075		631
		2017-12-13	3076		1400
1949-02-21		2021-09-22	3077		627
1961-02-16		2021-12-03	769		769
		2020-04-01	1049		1049
1934-05-25	F	2015-09-27	3078		1225
1972-06-10	F	2016-01-21	3079		1874
	F	2022-03-07	3080		1238
1925-01-18	F	2022-02-10	2293		2293
1941-12-12	M	2021-09-22	1258		1258
		2022-04-26	3081		321
	M	2018-12-23	2527		2527
1917-07-13		2021-10-02	3082		2390
1949-09-20	M	2015-04-04	2004	white	2004
1998-05-03		2015-12-29	2326	black	2326
	F	2021-04-25	218		218
1977-02-20		2017-03-07	3083		561
1980-12-27		2022-07-12	3084	white	1405
		2018-01-01	3085		2421
		2019-09-11	3086	asian	2452
		2019-11-30	2432		2432
	F	2021-08-12	1681		1681
2013-01-17	M	2019-09-08	1374		1374
1989-09-03	M	2015-11-03	72	white	72
1953-07-24	M	2023-01-04	3087		1945
1928-06-01	M	2020-11-23	586		586
	M	2022-11-17	1475		1475
2011-12-15	F	2014-01-09	3088	black	159
1952-03-16	M	2022-11-23	2567		2567
	M	2015-10-08	650		650
		2014-07-16	3089		1183
1922-09-01	M	2022-03-17	3090		2527
1911-11-17		2023-03-13	626	white	626
1943-05-12		2014-04-13	1080	asian	1080
1917-09-04	M	2015-11-19	3091		838
		2017-12-06	83	white	83
1969-01-04	M	2018-08-20	3092	asian	1752
		2023-06-22	3093		1633
	M	2022-06-26	3094		1109
1974-04-03	F	2018-12-29	3095		554
	M	2020-05-12	3096		578
1953-02-08		2021-10-01	3097	black	886
		2014-02-17	3098		1013
		2017-10-23	2347		2347
		2022-05-17	908	black	908
1999-04-03	F	2015-04-08	3099		568
1952-06-30	F	2019-04-13	1451	unspecified	1451
	F	2023-07-19	1626	indian	1626
	M	2014-03-17	547	unspecified	547
2023-05-14	F	2021-03-12	3100		845
	M	2013-10-09	1415	white	1415
		2021-09-12	29		29
		2018-11-05	3101		2106
	M	2017-06-12	3102		230
		2023-02-03	1798	unspecified	1798
	M	2020-04-28	3103	black	500
1996-02-19	F	2016-04-29	3104		934
1996-08-14	F	2018-02-15	1611		1611
1933-06-13		2014-02-07	3105		2170
1930-02-09	F	2015-12-09	3106	unspecified	2298
1929-01-05		2016-01-08	3107	unspecified	2485
		2021-08-08	3108	asian	1843
	M	2023-08-18	3109		1665
1978-01-09	F	2019-10-16	1969	white	1969
1947-08-17		2023-04-21	3110		1418
1928-08-23	F	2014-04-01	3111		2176
	M	2022-09-16	1644		1644
1935-07-15		2022-12-05	1119		1119
	F	2014-08-03	3112	asian	1155
		2017-03-23	3113		198
		2015-09-26	59		59
		2016-06-11	3114		247
1987-12-31	M	2016-10-02	3115		374
2002-05-24		2023-06-03	3116		7
2020-03-29		2016-03-04	633		633
	F	2018-08-03	701	white	701
2011-01-06	M	2021-03-27	60	asian	60
2011-06-07	F	2017-04-17	3117		55
	F	2022-11-24	3118		679
	F	2023-04-03	3119		1184
1913-09-29		2021-08-31	2035		2035
	M	2023-08-06	2201	white	2201
		2022-04-09	3120	asian	220
1992-03-01		2022-01-23	2408		2408
2016-06-13	M	2021-10-17	3121	unspecified	2494
	F	2022-03-03	2072	unspecified	2072
		2023-07-12	3122		1209
1944-02-25	F	2019-06-10	841		841
1968-04-24		2023-07-05	3123		1085
1994-03-19	F	2023-01-22	3124		1240
1980-02-25		2020-02-20	3125		2178
	F	2017-05-18	3126		2054
	F	2018-08-23	3127		436
1942-05-12		2014-06-17	3128		348
1948-04-09	M	2020-07-05	229		229
		2014-12-01	3129		1215
		2015-08-12	3130		1503
	M	2021-06-08	3131		1479
1987-03-03		2023-07-28	2038		2038
1945-01-15		2018-01-12	491	white	491
		2020-05-06	1368	asian	1368
	F	2022-04-29	3132		1161
		2017-02-12	3133	black	1684
1921-10-04	F	2013-12-17	128		128
1947-07-08		2019-10-12	3134	asian	348
1941-09-18	M	2023-04-15	3135		2035
		2019-06-21	2256		2256
1950-10-14	F	2021-07-25	3136		1277
1950-06-07		2015-10-24	3137		604
	M	2019-12-15	3138		2031
1973-06-14	M	2017-08-01	3139		2426
1951-07-26		2019-05-12	3140	white	829
		2019-01-02	667		667
1937-05-12	M	2017-08-09	3141	black	1471
1966-10-18		2016-12-08	2048		2048
		2014-08-02	3142		2219
		2018-01-18	744		744
	M	2015-03-02	3143		1258
1964-01-14	M	2018-09-22	38		38
1927-02-27		2018-04-15	3144		2048
1944-07-02	M	2016-07-19	3145		1069
	F	2022-02-14	640		640
	M	2018-11-19	3146		2025
		2019-11-18	899	unspecified	899
1974-08-07		2020-06-17	3147		154
2019-08-25	M	2014-09-24	3148		2386
1957-01-06	F	2014-08-25	3149	white	74
2006-09-09		2020-02-24	665		665
1944-01-19		2015-12-04	3150		2325
	M	2019-10-23	2259		2259
1986-12-23	F	2019-04-20	2490		2490
	M	2018-09-10	3151		2291
	F	2018-10-25	3152	unspecified	621
		2020-03-21	3153		22
		2014-03-24	3154	white	278
2013-05-25		2018-09-19	3155		2062
1969-03-02		2021-05-30	390		390
	M	2015-08-12	1007		1007
1958-11-08	F	2014-07-21	3156		997
		2021-07-23	1398		1398
1979-05-04		2023-03-09	2172	unspecified	2172
	F	2016-01-04	1186	asian	1186
1980-02-16		2023-02-07	3157		278
1932-05-18	M	2022-12-16	3158		686
		2023-03-03	2116		2116
1952-08-28		2021-12-04	3159		712
1973-03-24	F	2022-10-01	3160		1886
2001-09-28		2019-09-23	3161		1289
		2020-02-06	3162	black	619
1914-11-09	F	2022-09-10	772	unspecified	772
1987-11-13	F	2018-02-16	292	unspecified	292
1916-09-25		2023-05-07	249	unspecified	249
1929-10-07	F	2021-09-13	3163		1427
1976-09-13	F	2020-08-24	50	indian	50
		2021-05-09	3164		720
1943-10-30		2020-01-28	3165		1266
		2021-05-05	3166	asian	38
	F	2014-01-13	3167		1880
1959-04-21	F	2023-03-06	3168	unspecified	1235
1956-11-05		2017-04-21	1803	white	1803
		2019-02-15	3169		1351
1995-03-15		2019-10-04	675		675
	F	2014-05-29	3170	black	213
2023-09-16		2016-01-10	1814		1814
1989-10-20		2016-11-23	3171		16
		2018-12-26	3172		2091
1980-08-24	F	2014-11-29	2499		2499
1935-10-05		2019-09-16	1579		1579
1980-08-19	F	2016-12-30	3173		1801
2019-08-02		2015-11-30	652	white	652
2011-09-09	F	2017-07-24	100	black	100
	M	2023-06-28	693		693
1926-03-17		2016-09-10	694		694
2009-09-26	F	2020-10-10	3174	white	1344
1960-05-23		2022-01-24	3175		633
1910-05-31	M	2015-01-28	3176		978
1984-12-01	M	2023-01-05	3177		2103
	F	2015-02-20	3178	black	1247
		2014-10-13	590		590
1987-03-21		2016-12-20	572		572
1976-01-12	F	2019-12-24	13		13
		2017-02-12	927		927
	M	2021-04-12	3179		790
	F	2021-06-25	1018		1018
	F	2023-07-30	3180		547
	F	2015-07-29	1734		1734
	F	2021-03-01	3181		1913
		2014-03-28	3182	asian	1349
2020-07-08		2015-01-18	3183		416
	F	2014-04-30	3184	white	750
1973-11-11	F	2019-08-02	3185		798
		2018-11-27	392		392
1969-12-01		2022-05-29	2196		2196
1985-07-30		2019-10-03	3186		1127
1937-04-22	M	2020-11-23	911		911
2020-08-04		2020-08-17	3187		2426
	F	2019-07-04	3188		588
	F	2020-12-19	3189		1556
2005-08-10		2020-09-03	3190		1823
		2017-01-30	1746		1746
		2023-04-09	270		270
2022-07-28		2022-11-16	3191		466
1953-12-14	F	2016-09-05	3192	white	1576
1924-02-06		2022-12-18	1218		1218
	F	2017-12-09	3193		964
1997-07-27		2018-03-05	2139		2139
1971-08-14	F	2019-09-17	279		279
1934-08-12	F	2021-06-07	234		234
1913-11-09		2015-01-03	3194	unspecified	2321
1943-03-12		2019-01-01	3195		2220
1946-07-08	M	2014-09-08	3196		675
	M	2015-11-22	3197		1332
1979-08-21		2022-08-14	3198	unspecified	797
	F	2018-08-28	3199	unspecified	795
		2020-12-24	3200		1313
		2018-11-25	3201		926
	F	2014-04-01	891	unspecified	891
		2022-06-23	3202		1570
		2014-04-17	3203		2011
1970-09-11	M	2019-01-09	3204		1516
	M	2018-09-06	264		264
	F	2018-12-03	3205		2091
1919-05-10	M	2018-03-26	1791		1791
1942-08-12	F	2021-12-05	2288	black	2288
2019-04-27		2019-04-07	3206		1359
		2022-03-29	3207		1953
		2017-08-22	3208		1969
	F	2022-08-16	3209		1820
		2023-06-21	3210		1783
		2016-11-21	1868	unspecified	1868
	M	2013-09-27	185		185
	F	2014-10-26	3211		1359
		2021-05-13	467		467
1945-10-09		2020-06-14	3212		913
		2016-07-14	3213		476
2022-06-15		2019-06-21	1730		1730
1942-11-15	F	2016-10-30	3214	white	1141
1925-01-23		2020-06-09	1044		1044
1966-12-25	M	2019-01-18	1924		1924
2001-12-13	M	2016-01-03	1589		1589
	M	2017-02-26	3215		56
		2020-09-01	3216	indian	202
1985-04-16	F	2021-09-07	1376		1376
1909-06-03	M	2018-06-12	3217		2181
1918-03-21		2015-05-20	437		437
		2020-08-20	3218		2299
1954-03-19		2020-09-22	2061		2061
1958-06-09	F	2022-08-30	2361	indian	2361
		2020-03-06	3219	asian	1753
1931-11-28		2019-02-20	1130		1130
		2018-04-06	3220		299
1928-04-15	M	2022-06-30	1271		1271
		2020-04-07	3221		716
	F	2016-12-25	3222		734
1954-02-03	M	2016-05-27	3223		920
2004-10-24		2015-10-27	3224	indian	1074
1954-05-08		2020-09-08	593		593
1978-04-01		2018-09-15	1302		1302
	M	2015-06-10	121	white	121
1973-05-16		2013-11-22	1039		1039
1930-10-25	M	2023-05-07	819		819
1907-11-12		2020-09-15	1437		1437
1995-11-11	M	2015-01-27	3225		1321
1958-08-29	F	2018-03-09	3226		891
1955-12-22	F	2016-08-16	3227		467
1937-02-21	F	2021-08-18	3228		1581
	M	2014-09-24	3229		741
		2016-11-04	3230		1227
2008-08-11		2018-07-05	3231		762
1910-11-05		2018-03-29	1311		1311
1926-06-06		2014-07-15	2541		2541
1937-02-25	F	2017-09-15	3232		1893
1975-04-23	F	2017-03-29	3233		191
1931-02-06	F	2015-10-02	574		574
2012-08-15		2016-06-13	3234		1704
1998-06-28	M	2019-09-09	3235	white	155
1988-05-22	M	2014-01-29	40		40
1974-04-08		2017-04-01	984	indian	984
		2015-06-19	880		880
1941-11-26	F	2022-12-13	3236		1443
	F	2019-12-29	3237		118
	F	2019-09-16	130		130
2007-01-09	F	2015-05-09	3238		2569
1951-02-23		2015-01-22	1160	asian	1160
1927-10-02	F	2021-09-09	3239	black	61
	F	2019-05-23	1841		1841
1939-04-07		2017-03-31	3240		319
	F	2017-06-25	431		431
1962-10-02		2018-08-11	3241	black	1378
2017-11-28	F	2014-06-06	1498		1498
2004-05-28		2023-06-01	401	black	401
	F	2019-06-30	136		136
1921-10-15	M	2019-05-17	3242	asian	1496
	F	2022-07-24	624		624
	M	2017-10-26	324		324
	M	2015-03-10	393	white	393
1974-12-31	M	2022-11-16	3243		2252
	M	2023-05-22	3244		1423
1948-05-08	M	2014-06-14	442	white	442
1948-09-23	M	2014-04-08	3245		2220
1928-03-12	F	2018-10-21	3246		2212
	M	2015-07-09	591		591
	M	2023-07-04	1614		1614
1985-01-30	M	2020-12-08	1926		1926
	F	2016-09-29	1194		1194
1983-04-16		2018-02-10	1554		1554
	F	2017-03-25	3247		350
	F	2017-01-13	331		331
1945-10-31		2019-10-09	123		123
		2019-06-02	988		988
		2022-11-01	812		812
1995-01-26		2023-01-12	3248		2155
	F	2023-08-16	3249		2452
		2019-09-12	2422		2422
1923-07-12		2016-11-12	3250		690
2021-11-24	M	2020-08-18	3251		119
1973-06-20		2022-10-09	3252	black	1478
2006-08-06		2018-04-13	2430		2430
	M	2020-07-04	36		36
1927-03-04		2022-06-22	3253		2191
1917-01-14		2016-01-13	882		882
1914-04-25		2017-02-09	177		177
1929-05-23	M	2023-08-28	1896		1896
		2018-09-22	3254		2441
		2018-05-07	3255	indian	1558
1933-05-15	M	2020-10-08	3256		2306
2015-05-19		2021-06-15	1360		1360
2020-12-16	F	2018-04-12	3257		397
1947-09-23	M	2020-02-26	3258	black	1184
		2018-02-26	666		666
	M	2020-12-28	1275	indian	1275
	F	2017-05-22	1015		1015
	F	2015-08-31	3259	black	1209
		2015-01-29	659		659
1991-11-02	F	2020-07-10	3260		1780
1944-04-18		2014-02-27	3261	asian	2021
1916-10-15		2015-11-25	2152		2152
	F	2023-06-22	3262		919
1942-11-26		2019-03-29	3263		1232
		2020-09-28	421		421
1945-05-26		2022-01-02	2351		2351
1950-10-14		2021-08-22	3264		1790
1985-03-31	M	2020-04-19	1641	black	1641
1929-08-28	F	2022-04-03	3265		1651
1999-05-09		2017-08-17	3266		2110
1950-10-02	M	2021-03-09	380		380
2018-06-29		2022-03-27	3267		1922
1932-11-19	F	2018-01-01	3268		1968
		2020-08-05	1123	white	1123
	M	2014-12-16	3269		2411
2007-02-17	M	2021-01-24	1598		1598
2004-06-20	M	2014-08-22	190		190
	M	2018-04-30	426		426
		2021-04-19	3270		1327
		2014-11-17	197		197
		2019-07-15	3271		2102
2004-12-13	M	2022-10-10	1530		1530
		2018-10-11	3272		297
1954-10-16	F	2017-06-15	992		992
1936-10-28	F	2019-12-05	1959		1959
2003-02-06	F	2014-10-20	2394	white	2394
		2017-06-15	1428	asian	1428
1907-11-17		2015-12-16	1292		1292
1917-07-31		2016-04-05	3273		2006
1946-10-12		2016-03-03	3274		324
1968-04-20	M	2019-11-06	3275		2258
1949-11-29	M	2023-07-03	3276	asian	818
2016-01-23		2015-07-06	1992		1992
	F	2017-05-01	373		373
1959-01-22	M	2017-10-05	3277	asian	640
	F	2014-05-17	1722		1722
	M	2018-03-11	1353	asian	1353
2003-11-06		2016-08-26	3278		714
	F	2019-02-09	3279		2536
	M	2016-05-24	3280	unspecified	2256
	F	2018-01-04	3281		2500
1966-10-27		2021-09-14	2279	indian	2279
		2019-11-27	63		63
1994-09-11	F	2023-02-01	3282		2326
1910-07-24		2019-03-29	3283		1348
		2018-07-18	846		846
	F	2016-01-24	3284	white	1686
1919-06-11		2015-09-28	222		222
1971-02-02	M	2014-05-30	1967	white	1967
1915-01-08		2021-02-21	3285		1344
1927-04-23	M	2021-09-08	3286		1879
1987-08-30	F	2016-03-22	1072		1072
1932-12-07	M	2016-03-29	3287		136
	M	2013-11-21	1253	white	1253
1964-06-09	M	2013-11-09	1852	asian	1852
		2014-04-19	3288		1607
1980-09-21		2020-06-24	3289	black	657
1969-04-11	F	2018-01-11	3290	indian	1652
		2015-05-01	3291		1996
1924-05-24	M	2017-01-02	3292		522
		2020-04-27	315		315
	F	2019-02-26	1925	asian	1925
	M	2014-06-12	3293		1213
1972-04-24	F	2019-02-05	483		483
		2020-10-05	3294		1275
1944-10-12	M	2022-06-08	3295		3
	F	2013-12-18	3296		471
1968-04-11	F	2021-03-27	3297		2045
	M	2013-11-22	3298		1332
2021-02-01	F	2016-06-19	3299		2527
	M	2022-08-28	2221		2221
	F	2021-02-09	3300	indian	898
	M	2021-11-06	751		751
	M	2017-02-08	3301	asian	2400
2003-12-28	M	2019-03-06	553	black	553
1969-09-23	F	2014-11-16	1966		1966
1971-02-09		2014-08-09	3302		2176
1984-08-04	F	2016-04-05	3303		523
	F	2015-12-31	3304		762
1983-11-04	M	2014-09-21	160	black	160
1918-12-24		2019-09-03	2253	white	2253
	F	2020-08-30	1173		1173
		2015-01-25	2049		2049
1978-10-28	M	2019-08-20	1566		1566
2019-08-17	M	2014-07-21	3305		2130
		2023-01-22	3306		1216
		2014-10-12	1781		1781
	M	2015-05-18	3307		837
1926-04-10	F	2017-04-17	3308		1397
		2023-08-13	3309		2152
1973-11-24		2016-09-17	1456		1456
1909-05-18		2020-01-08	3310		435
	F	2016-05-14	298		298
1949-11-22		2021-11-26	3311		1797
1994-08-16		2015-09-13	614	indian	614
2017-10-16	M	2020-03-15	1197	asian	1197
1952-04-02		2018-02-03	3312		2063
1987-12-31	M	2020-04-02	3313	asian	249
	M	2016-07-26	1179		1179
1937-04-27		2018-12-18	3314		1723
1934-12-09		2013-11-17	3315	white	77
2016-10-11		2018-04-14	3316	white	1331
1920-06-03		2020-05-07	3317		2328
2006-10-09		2015-10-11	3318	white	1448
1989-11-07	F	2017-03-24	3319	unspecified	2297
		2014-04-07	2218	white	2218
		2017-05-05	3320		912
1963-01-07	F	2017-01-18	1093		1093
		2018-11-24	144	unspecified	144
1955-04-10	M	2013-12-28	3321		523
1967-05-03		2017-09-08	3322		2259
1910-07-26	M	2014-12-31	3323		282
	F	2015-10-02	3324		1848
1953-09-23		2021-06-17	1303	asian	1303
2022-01-15		2017-02-04	3325		1493
	M	2014-10-26	3326		514
1985-12-05	M	2017-04-12	3327		676
1925-10-28	F	2014-10-23	3328		1603
2002-11-19	F	2018-09-19	2534		2534
1960-09-10		2023-07-13	3329		1189
	M	2016-08-21	3330	unspecified	1047
1999-08-17	M	2018-04-16	3331	white	1941
	F	2014-10-02	184	black	184
	M	2018-09-29	3332	unspecified	1512
		2023-01-27	1053	asian	1053
	M	2015-06-24	1917		1917
	F	2016-02-22	3333	unspecified	1644
1985-11-22		2016-04-20	1789		1789
1956-02-07	F	2022-12-07	3334		55
		2022-02-02	3335		986
		2021-02-06	3336		2253
		2019-02-01	3337		1328
1970-12-13		2020-11-20	3338	asian	2530
1911-08-24	F	2019-04-29	641		641
1972-12-29	M	2015-02-08	3339		942
1938-12-23		2019-10-22	849	unspecified	849
2005-05-17		2018-12-19	3340		2310
	M	2022-10-19	2231		2231
	M	2016-08-29	842		842
1941-02-25	F	2016-11-03	3341		2128
1973-12-17		2023-02-14	3342		1896
		2018-07-22	2387		2387
		2021-08-05	3343		629
1975-05-29	M	2015-01-23	3344		554
2005-08-27		2018-01-15	1911		1911
2020-05-17	F	2020-04-30	3345		1603
		2019-09-26	3346		2111
	F	2019-07-27	3347	unspecified	774
2019-05-12	M	2016-07-06	371	black	371
2010-11-09	F	2018-10-05	2234	unspecified	2234
1932-07-17	F	2020-06-22	3348		720
1924-06-06	M	2022-12-16	3349		2352
1933-01-07		2023-07-02	495		495
1951-09-28		2014-02-01	854		854
1985-10-07		2015-05-18	3350		1260
	M	2016-01-10	1763		1763
1945-04-28		2019-05-27	1861		1861
		2021-01-29	3351		782
2014-12-26		2015-12-01	1808		1808
		2017-11-29	3352		1496
2014-11-17	F	2018-09-25	3353	indian	1337
		2016-12-05	3354		1444
1927-07-17	F	2021-08-16	3355		1273
1938-06-19	F	2020-12-18	2566		2566
1931-06-27		2023-05-16	386		386
		2020-12-25	1357		1357
1985-02-15		2019-11-04	3356		1287
	F	2017-01-22	3357	white	1192
		2014-06-19	3358	indian	1185
1969-10-14	F	2022-08-23	441		441
2003-06-01		2019-06-02	1071		1071
1919-08-26	F	2018-08-09	2283		2283
		2016-08-16	792		792
	M	2014-10-12	3359	indian	72
2009-07-07	F	2016-10-03	2264		2264
		2022-02-18	3360		1529
		2022-11-15	3361		1558
1941-12-24	F	2015-09-11	3362	white	397
		2015-08-02	1236		1236
	F	2016-08-07	3363	asian	1809
	M	2023-03-07	3364		2348
1922-05-30		2014-01-01	2285	white	2285
	M	2016-05-23	261		261
1977-11-28		2018-09-21	2315		2315
2019-07-13		2020-09-10	3365	unspecified	1993
2018-05-05		2014-12-02	524		524
	M	2017-11-22	539	black	539
2010-03-05	F	2021-05-26	1094		1094
	M	2022-04-06	1073		1073
1929-01-25	M	2017-06-27	3366	indian	2063
		2022-10-05	918		918
	M	2016-03-31	3367		2536
2008-09-12	M	2019-05-07	3368		1568
1955-01-31		2014-01-10	3369	white	1538
2009-10-17		2018-04-25	3370	unspecified	778
		2013-11-03	3371	unspecified	1216
	M	2018-07-15	2186		2186
	F	2017-01-26	3372		390
1932-11-13	M	2013-10-21	3373	asian	1334
	F	2023-02-23	3374	white	1448
1911-06-05	F	2017-02-15	3375		1408
1987-03-13	F	2017-07-17	1794	white	1794
	F	2019-10-29	917		917
	F	2018-04-07	3376		1601
		2022-11-29	3377		1334
1919-08-11		2015-09-20	3378	asian	150
1942-10-11	M	2020-08-07	3379		2055
1959-05-04	F	2021-01-04	1352	unspecified	1352
		2021-03-17	993		993
1992-12-15		2020-04-25	2316		2316
1922-07-18	M	2020-09-13	3380		213
1914-07-21		2015-06-28	3381		1219
1999-03-17		2015-02-03	3382		1714
		2016-08-03	1369	black	1369
1921-09-10		2017-03-24	2241	asian	2241
	F	2016-03-29	2115		2115
1980-01-05	M	2017-08-27	2189		2189
		2016-02-29	3383	black	851
1964-12-15		2015-12-16	3384		1235
	F	2016-12-08	2144		2144
1982-03-25		2018-03-27	3385		1001
		2021-01-17	1559	asian	1559
2012-06-11	M	2020-04-14	147		147
	M	2023-01-22	3386		1941
1909-12-18	F	2017-09-02	668		668
	F	2018-09-06	3387		2059
2016-11-13	F	2020-11-05	3388		1192
1931-04-06		2014-03-17	169	white	169
		2013-10-01	3389		814
1911-08-29	F	2013-10-09	1198		1198
	M	2021-08-14	3390		2126
1937-07-22		2023-04-14	1148		1148
1981-10-11		2020-08-25	3391		798
	M	2021-02-27	2470		2470
1962-12-03		2014-08-29	1176		1176
		2018-06-14	3392		1556
	M	2020-02-10	3393		2555
		2014-08-12	3394		2110
		2023-01-25	1466		1466
	F	2019-09-06	3395		854
1988-10-13		2016-12-13	864		864
1992-09-02		2022-09-22	1771	unspecified	1771
	M	2016-02-17	258	indian	258
		2022-07-19	3396		894
1954-10-05		2016-09-20	3397		1598
1930-04-13	M	2015-03-21	3398		872
1919-03-07	F	2016-09-16	3399		139
1934-09-27	M	2021-09-17	1026		1026
		2017-02-16	3400	indian	900
1981-06-23	F	2013-10-12	3401		973
	F	2014-03-28	3402		2295
		2015-09-26	3403		880
	M	2020-11-04	832	white	832
	M	2017-03-14	1474	black	1474
2001-10-26		2016-03-18	1336		1336
1984-12-04	M	2017-07-09	3404	indian	572
1918-01-02	M	2018-05-31	2039		2039
1987-09-26	M	2017-09-30	3405		870
1910-01-26		2022-03-25	646	unspecified	646
		2020-01-06	3406		37
1980-10-12		2022-02-07	183	black	183
1933-07-11	F	2015-06-12	3407		252
		2022-02-13	1243		1243
		2014-05-27	3408	white	2479
1920-09-15	M	2023-07-06	3409		1094
	M	2023-08-08	1978		1978
		2023-04-18	3410		1482
	F	2022-05-11	3411		1968
1973-01-15		2015-04-25	3412		617
1995-02-12	F	2015-09-09	181		181
1995-05-11	F	2018-10-10	3413		1568
		2017-10-05	3414	unspecified	80
1946-06-14	F	2017-08-28	3415	unspecified	1926
	F	2019-04-30	698	asian	698
1908-08-06		2019-07-02	859		859
2008-08-23		2013-12-20	1882		1882
		2022-03-20	3416		1274
		2021-06-09	3417	asian	1286
		2020-04-16	3418		716
		2016-05-16	1104		1104
	F	2016-01-10	3419	white	2305
2000-10-07		2021-11-29	1690		1690
	M	2017-07-23	511		511
1919-02-23		2020-10-10	3420	black	1434
1975-07-26	F	2020-11-15	1135		1135
1924-03-10		2023-08-22	3421	unspecified	586
1932-08-12	F	2015-06-19	228		228
		2014-06-16	3422		1533
1936-10-25	F	2016-06-28	618	unspecified	618
		2022-09-02	2138		2138
1941-07-09	F	2022-02-01	3423		1246
	M	2022-12-23	1697	indian	1697
	F	2018-11-21	3424		408
		2016-01-19	3425		146
		2019-04-26	3426	white	1672
	M	2021-09-14	3427		1827
2020-01-31		2023-05-08	1909	unspecified	1909
2004-05-10		2017-05-27	2192		2192
		2019-09-26	3428		2499
	M	2020-06-22	3429		903
1929-08-22	F	2018-11-06	3430		2219
		2021-08-24	3431	white	74
		2021-03-16	813		813
2002-02-18		2014-10-19	1112	unspecified	1112
1972-06-28	F	2020-10-21	3432		584
	F	2021-01-16	310		310
2012-02-14	M	2020-07-26	3433	asian	2479
1941-10-15		2022-11-22	508		508
1949-01-31	M	2021-11-03	3434		1633
		2014-05-02	2359	white	2359
		2014-04-09	102		102
1972-03-28		2018-04-17	3435	unspecified	1731
1995-07-25	M	2016-04-15	2286	indian	2286
		2023-09-13	395		395
1949-01-24	M	2018-02-28	3436		940
2006-01-28	M	2017-07-18	3437		2349
		2017-12-27	3438	asian	2055
	F	2019-01-03	3439	asian	1224
1926-04-22		2016-11-17	3440		2104
		2017-01-21	3441	unspecified	1828
2001-09-10	M	2019-05-06	3442		418
1915-06-09		2020-08-18	3443		2091
1994-12-28		2021-01-06	3444	black	2006
	M	2014-12-15	1252		1252
1971-02-27	M	2015-06-28	562	black	562
2023-09-18	F	2019-06-02	2118	unspecified	2118
1924-10-25		2014-10-20	2377		2377
		2022-08-28	2236	indian	2236
		2016-10-17	3445		1435
		2023-03-20	3446	white	86
	F	2023-06-06	610		610
	M	2022-05-10	1899		1899
		2021-10-25	3447		751
		2022-07-19	2077	white	2077
	F	2018-04-13	3448		395
1909-09-18		2014-02-07	3449		950
		2016-11-13	3450		569
1947-04-11	M	2022-07-10	3451	asian	2555
	M	2022-08-24	3452		2165
1960-02-28		2016-05-25	3453		62
		2020-09-03	3454	unspecified	450
1947-04-22	F	2019-07-24	1675		1675
1992-02-26	M	2018-11-12	3455		1244
1960-11-17	F	2015-08-07	243		243
	M	2015-02-08	3456		387
1996-05-28		2019-06-02	2287		2287
1945-08-14	M	2015-09-25	3457	white	2339
1987-11-12	F	2018-10-26	660		660
1914-07-10		2017-05-31	3458		2165
1995-07-09		2023-02-25	2167		2167
2000-12-26		2021-04-22	35		35
1937-12-01	F	2020-03-03	2085		2085
		2020-02-18	3459	white	2325
1999-12-23	F	2019-09-23	3460	black	499
	M	2020-07-08	294	white	294
1939-11-08	M	2019-03-24	3461		530
1949-07-30		2014-08-26	3462		817
1977-05-10		2016-09-02	3463	white	2400
	F	2018-05-26	3464		1984
	F	2016-05-18	3465		148
1926-12-29		2019-07-14	2501		2501
1996-05-13	F	2017-03-30	3466		155
	F	2015-06-08	3467		2434
	M	2021-04-24	3468		1769
2023-08-06		2020-06-29	1087	white	1087
	F	2013-12-18	1401		1401
2008-06-18	F	2022-06-13	3469	unspecified	2434
		2015-10-30	1057	unspecified	1057
1943-03-02	M	2018-12-01	3470		564
	F	2019-10-26	1839		1839
1920-06-01		2017-05-30	475	white	475
		2023-08-29	448		448
1931-06-10	F	2016-02-08	1772	black	1772
1915-06-01		2020-03-06	3471	unspecified	801
		2020-02-29	2202		2202
2017-01-26		2021-05-20	887		887
		2016-03-12	1099		1099
1989-06-04	M	2018-05-25	1740		1740
		2016-08-12	474	black	474
1998-03-31		2015-09-01	3472		1031
		2018-06-23	3473		2545
1944-09-07		2020-11-07	3474		1243
1942-06-20		2015-06-22	2057		2057
1952-06-14	M	2021-05-02	580		580
	F	2022-08-02	1980		1980
	M	2021-04-08	3475	white	2126
2016-10-26		2019-06-13	3476	unspecified	884
	M	2016-10-10	3477	asian	1264
	F	2021-08-01	113		113
		2020-03-19	3478		602
		2014-05-17	3479		795
	M	2021-08-05	3480		1812
1965-01-10		2019-01-06	3481	asian	890
1945-07-05		2017-08-14	3482	unspecified	1908
1916-09-19	M	2014-05-04	3483		1283
	F	2018-11-30	1054	unspecified	1054
1971-11-01	F	2013-12-20	3484	unspecified	419
	F	2020-01-19	3485		599
1940-03-30		2019-07-13	3486	asian	1478
1917-10-13	M	2021-01-03	3487		2251
2017-06-09		2020-07-21	996	unspecified	996
2017-12-10		2021-11-09	606	white	606
2015-05-21	F	2023-05-07	32		32
1936-04-19		2019-04-13	3488		1507
2022-12-13	F	2021-08-02	2185		2185
	M	2018-03-02	3489	white	480
1969-02-28	M	2016-08-08	1485	white	1485
		2022-04-23	2336		2336
1964-09-13	M	2014-10-05	1549		1549
1958-02-02	F	2020-08-02	3490		1215
		2021-11-04	3491		982
1962-09-12	F	2018-12-10	763		763
	M	2017-01-12	1726	asian	1726
1966-09-18		2020-08-25	3492		1412
1975-06-29		2019-12-21	2423		2423
1950-09-05		2020-06-01	994		994
1968-02-22	M	2020-08-21	1484	indian	1484
1916-05-28	F	2015-01-03	3493		180
1932-04-25		2022-05-12	3494		278
1994-04-30		2016-10-22	312		312
		2020-03-24	3495		1940
1961-11-16		2022-03-04	3496		1533
		2018-03-01	2076		2076
1967-02-05		2022-08-07	3497		122
1908-11-24		2015-04-07	3498	white	1215
1940-11-29		2018-09-02	3499		910
1958-09-29		2017-03-19	3500		1996
2010-03-13	M	2016-03-06	479		479
2013-11-18	M	2019-03-20	3501		1324
		2014-11-10	3502	black	792
1913-11-23		2017-03-29	3503	asian	929
		2014-07-28	3504		713
1953-08-26	M	2020-12-17	3505		1511
1941-03-15	F	2017-08-01	3506		1461
1950-08-11	F	2018-03-11	3507		762
1971-10-05		2018-01-31	3508		557
1922-11-14	F	2023-03-28	3509	white	2531
	F	2014-08-09	3510		2479
1936-06-12		2017-08-14	2156	black	2156
		2019-04-11	3511		1022
1957-03-24	F	2020-05-01	3512		2076
1933-01-23		2020-09-07	3513	black	127
1917-10-18	F	2022-08-17	1985	black	1985
		2014-02-21	1649		1649
1951-12-19		2017-02-09	3514	indian	2336
	M	2017-11-10	2393	black	2393
1910-03-03		2017-12-30	2019	white	2019
2023-02-20		2022-10-07	3515		693
1959-05-18	M	2021-07-21	3516		62
	M	2019-08-02	3517		584
1933-02-22	M	2022-01-24	3518	asian	823
1975-09-18	M	2015-07-27	3519		851
	F	2015-07-11	3520		651
	M	2015-02-07	938		938
		2020-06-20	779		779
1908-08-20		2018-02-21	729		729
1975-08-12		2019-02-21	3521		549
		2017-06-09	333		333
